PassengerId,Age,Fare,Family,Pclass_2,Sex_0,Sex_1,Survived
1.0,22.0,7.25,1.0,1.0,0.0,1.0,0
2.0,38.0,71.2833,1.0,0.0,1.0,0.0,1
3.0,26.0,7.925,0.0,1.0,1.0,0.0,1
4.0,35.0,53.1,1.0,0.0,1.0,0.0,1
5.0,35.0,8.05,0.0,1.0,0.0,1.0,0
6.0,29.64209269662921,8.4583,0.0,1.0,0.0,1.0,0
7.0,54.0,51.8625,0.0,0.0,0.0,1.0,0
8.0,2.0,21.075,4.0,1.0,0.0,1.0,0
9.0,27.0,11.1333,2.0,1.0,1.0,0.0,1
10.0,14.0,30.0708,1.0,0.0,1.0,0.0,1
11.0,4.0,16.7,2.0,1.0,1.0,0.0,1
12.0,58.0,26.55,0.0,0.0,1.0,0.0,1
13.0,20.0,8.05,0.0,1.0,0.0,1.0,0
14.0,39.0,31.275,6.0,1.0,0.0,1.0,0
15.0,14.0,7.8542,0.0,1.0,1.0,0.0,0
16.0,55.0,16.0,0.0,0.0,1.0,0.0,1
17.0,2.0,29.125,5.0,1.0,0.0,1.0,0
18.0,29.64209269662921,13.0,0.0,0.0,0.0,1.0,1
19.0,31.0,18.0,1.0,1.0,1.0,0.0,0
20.0,29.64209269662921,7.225,0.0,1.0,1.0,0.0,1
21.0,35.0,26.0,0.0,0.0,0.0,1.0,0
22.0,34.0,13.0,0.0,0.0,0.0,1.0,1
23.0,15.0,8.0292,0.0,1.0,1.0,0.0,1
24.0,28.0,35.5,0.0,0.0,0.0,1.0,1
25.0,8.0,21.075,4.0,1.0,1.0,0.0,0
26.0,38.0,31.3875,6.0,1.0,1.0,0.0,1
27.0,29.64209269662921,7.225,0.0,1.0,0.0,1.0,0
28.0,19.0,263.0,5.0,0.0,0.0,1.0,0
29.0,29.64209269662921,7.8792,0.0,1.0,1.0,0.0,1
30.0,29.64209269662921,7.8958,0.0,1.0,0.0,1.0,0
31.0,40.0,27.7208,0.0,0.0,0.0,1.0,0
32.0,29.64209269662921,146.5208,1.0,0.0,1.0,0.0,1
33.0,29.64209269662921,7.75,0.0,1.0,1.0,0.0,1
34.0,66.0,10.5,0.0,0.0,0.0,1.0,0
35.0,28.0,82.1708,1.0,0.0,0.0,1.0,0
36.0,42.0,52.0,1.0,0.0,0.0,1.0,0
37.0,29.64209269662921,7.2292,0.0,1.0,0.0,1.0,1
38.0,21.0,8.05,0.0,1.0,0.0,1.0,0
39.0,18.0,18.0,2.0,1.0,1.0,0.0,0
40.0,14.0,11.2417,1.0,1.0,1.0,0.0,1
41.0,40.0,9.475,1.0,1.0,1.0,0.0,0
42.0,27.0,21.0,1.0,0.0,1.0,0.0,0
43.0,29.64209269662921,7.8958,0.0,1.0,0.0,1.0,0
44.0,3.0,41.5792,3.0,0.0,1.0,0.0,1
45.0,19.0,7.8792,0.0,1.0,1.0,0.0,1
46.0,29.64209269662921,8.05,0.0,1.0,0.0,1.0,0
47.0,29.64209269662921,15.5,1.0,1.0,0.0,1.0,0
48.0,29.64209269662921,7.75,0.0,1.0,1.0,0.0,1
49.0,29.64209269662921,21.6792,2.0,1.0,0.0,1.0,0
50.0,18.0,17.8,1.0,1.0,1.0,0.0,0
51.0,7.0,39.6875,5.0,1.0,0.0,1.0,0
52.0,21.0,7.8,0.0,1.0,0.0,1.0,0
53.0,49.0,76.7292,1.0,0.0,1.0,0.0,1
54.0,29.0,26.0,1.0,0.0,1.0,0.0,1
55.0,65.0,61.9792,1.0,0.0,0.0,1.0,0
56.0,29.64209269662921,35.5,0.0,0.0,0.0,1.0,1
57.0,21.0,10.5,0.0,0.0,1.0,0.0,1
58.0,28.5,7.2292,0.0,1.0,0.0,1.0,0
59.0,5.0,27.75,3.0,0.0,1.0,0.0,1
60.0,11.0,46.9,7.0,1.0,0.0,1.0,0
61.0,22.0,7.2292,0.0,1.0,0.0,1.0,0
63.0,45.0,83.475,1.0,0.0,0.0,1.0,0
64.0,4.0,27.9,5.0,1.0,0.0,1.0,0
65.0,29.64209269662921,27.7208,0.0,0.0,0.0,1.0,0
66.0,29.64209269662921,15.2458,2.0,1.0,0.0,1.0,1
67.0,29.0,10.5,0.0,0.0,1.0,0.0,1
68.0,19.0,8.1583,0.0,1.0,0.0,1.0,0
69.0,17.0,7.925,6.0,1.0,1.0,0.0,1
70.0,26.0,8.6625,2.0,1.0,0.0,1.0,0
71.0,32.0,10.5,0.0,0.0,0.0,1.0,0
72.0,16.0,46.9,7.0,1.0,1.0,0.0,0
73.0,21.0,73.5,0.0,0.0,0.0,1.0,0
74.0,26.0,14.4542,1.0,1.0,0.0,1.0,0
75.0,32.0,56.4958,0.0,1.0,0.0,1.0,1
76.0,25.0,7.65,0.0,1.0,0.0,1.0,0
77.0,29.64209269662921,7.8958,0.0,1.0,0.0,1.0,0
78.0,29.64209269662921,8.05,0.0,1.0,0.0,1.0,0
79.0,0.83,29.0,2.0,0.0,0.0,1.0,1
80.0,30.0,12.475,0.0,1.0,1.0,0.0,1
81.0,22.0,9.0,0.0,1.0,0.0,1.0,0
82.0,29.0,9.5,0.0,1.0,0.0,1.0,1
83.0,29.64209269662921,7.7875,0.0,1.0,1.0,0.0,1
84.0,28.0,47.1,0.0,0.0,0.0,1.0,0
85.0,17.0,10.5,0.0,0.0,1.0,0.0,1
86.0,33.0,15.85,3.0,1.0,1.0,0.0,1
87.0,16.0,34.375,4.0,1.0,0.0,1.0,0
88.0,29.64209269662921,8.05,0.0,1.0,0.0,1.0,0
89.0,23.0,263.0,5.0,0.0,1.0,0.0,1
90.0,24.0,8.05,0.0,1.0,0.0,1.0,0
91.0,29.0,8.05,0.0,1.0,0.0,1.0,0
92.0,20.0,7.8542,0.0,1.0,0.0,1.0,0
93.0,46.0,61.175,1.0,0.0,0.0,1.0,0
94.0,26.0,20.575,3.0,1.0,0.0,1.0,0
95.0,59.0,7.25,0.0,1.0,0.0,1.0,0
96.0,29.64209269662921,8.05,0.0,1.0,0.0,1.0,0
97.0,71.0,34.6542,0.0,0.0,0.0,1.0,0
98.0,23.0,63.3583,1.0,0.0,0.0,1.0,1
99.0,34.0,23.0,1.0,0.0,1.0,0.0,1
100.0,34.0,26.0,1.0,0.0,0.0,1.0,0
101.0,28.0,7.8958,0.0,1.0,1.0,0.0,0
102.0,29.64209269662921,7.8958,0.0,1.0,0.0,1.0,0
103.0,21.0,77.2875,1.0,0.0,0.0,1.0,0
104.0,33.0,8.6542,0.0,1.0,0.0,1.0,0
105.0,37.0,7.925,2.0,1.0,0.0,1.0,0
106.0,28.0,7.8958,0.0,1.0,0.0,1.0,0
107.0,21.0,7.65,0.0,1.0,1.0,0.0,1
108.0,29.64209269662921,7.775,0.0,1.0,0.0,1.0,1
109.0,38.0,7.8958,0.0,1.0,0.0,1.0,0
110.0,29.64209269662921,24.15,1.0,1.0,1.0,0.0,1
111.0,47.0,52.0,0.0,0.0,0.0,1.0,0
112.0,14.5,14.4542,1.0,1.0,1.0,0.0,0
113.0,22.0,8.05,0.0,1.0,0.0,1.0,0
114.0,20.0,9.825,1.0,1.0,1.0,0.0,0
115.0,17.0,14.4583,0.0,1.0,1.0,0.0,0
116.0,21.0,7.925,0.0,1.0,0.0,1.0,0
117.0,70.5,7.75,0.0,1.0,0.0,1.0,0
118.0,29.0,21.0,1.0,0.0,0.0,1.0,0
119.0,24.0,247.5208,1.0,0.0,0.0,1.0,0
120.0,2.0,31.275,6.0,1.0,1.0,0.0,0
121.0,21.0,73.5,2.0,0.0,0.0,1.0,0
122.0,29.64209269662921,8.05,0.0,1.0,0.0,1.0,0
123.0,32.5,30.0708,1.0,0.0,0.0,1.0,0
124.0,32.5,13.0,0.0,0.0,1.0,0.0,1
125.0,54.0,77.2875,1.0,0.0,0.0,1.0,0
126.0,12.0,11.2417,1.0,1.0,0.0,1.0,1
127.0,29.64209269662921,7.75,0.0,1.0,0.0,1.0,0
128.0,24.0,7.1417,0.0,1.0,0.0,1.0,1
129.0,29.64209269662921,22.3583,2.0,1.0,1.0,0.0,1
130.0,45.0,6.975,0.0,1.0,0.0,1.0,0
131.0,33.0,7.8958,0.0,1.0,0.0,1.0,0
132.0,20.0,7.05,0.0,1.0,0.0,1.0,0
133.0,47.0,14.5,1.0,1.0,1.0,0.0,0
134.0,29.0,26.0,1.0,0.0,1.0,0.0,1
135.0,25.0,13.0,0.0,0.0,0.0,1.0,0
136.0,23.0,15.0458,0.0,0.0,0.0,1.0,0
137.0,19.0,26.2833,2.0,0.0,1.0,0.0,1
138.0,37.0,53.1,1.0,0.0,0.0,1.0,0
139.0,16.0,9.2167,0.0,1.0,0.0,1.0,0
140.0,24.0,79.2,0.0,0.0,0.0,1.0,0
141.0,29.64209269662921,15.2458,2.0,1.0,1.0,0.0,0
142.0,22.0,7.75,0.0,1.0,1.0,0.0,1
143.0,24.0,15.85,1.0,1.0,1.0,0.0,1
144.0,19.0,6.75,0.0,1.0,0.0,1.0,0
145.0,18.0,11.5,0.0,0.0,0.0,1.0,0
146.0,19.0,36.75,2.0,0.0,0.0,1.0,0
147.0,27.0,7.7958,0.0,1.0,0.0,1.0,1
148.0,9.0,34.375,4.0,1.0,1.0,0.0,0
149.0,36.5,26.0,2.0,0.0,0.0,1.0,0
150.0,42.0,13.0,0.0,0.0,0.0,1.0,0
151.0,51.0,12.525,0.0,0.0,0.0,1.0,0
152.0,22.0,66.6,1.0,0.0,1.0,0.0,1
153.0,55.5,8.05,0.0,1.0,0.0,1.0,0
154.0,40.5,14.5,2.0,1.0,0.0,1.0,0
155.0,29.64209269662921,7.3125,0.0,1.0,0.0,1.0,0
156.0,51.0,61.3792,1.0,0.0,0.0,1.0,0
157.0,16.0,7.7333,0.0,1.0,1.0,0.0,1
158.0,30.0,8.05,0.0,1.0,0.0,1.0,0
159.0,29.64209269662921,8.6625,0.0,1.0,0.0,1.0,0
160.0,29.64209269662921,69.55,10.0,1.0,0.0,1.0,0
161.0,44.0,16.1,1.0,1.0,0.0,1.0,0
162.0,40.0,15.75,0.0,0.0,1.0,0.0,1
163.0,26.0,7.775,0.0,1.0,0.0,1.0,0
164.0,17.0,8.6625,0.0,1.0,0.0,1.0,0
165.0,1.0,39.6875,5.0,1.0,0.0,1.0,0
166.0,9.0,20.525,2.0,1.0,0.0,1.0,1
167.0,29.64209269662921,55.0,1.0,0.0,1.0,0.0,1
168.0,45.0,27.9,5.0,1.0,1.0,0.0,0
169.0,29.64209269662921,25.925,0.0,0.0,0.0,1.0,0
170.0,28.0,56.4958,0.0,1.0,0.0,1.0,0
171.0,61.0,33.5,0.0,0.0,0.0,1.0,0
172.0,4.0,29.125,5.0,1.0,0.0,1.0,0
173.0,1.0,11.1333,2.0,1.0,1.0,0.0,1
174.0,21.0,7.925,0.0,1.0,0.0,1.0,0
175.0,56.0,30.6958,0.0,0.0,0.0,1.0,0
176.0,18.0,7.8542,2.0,1.0,0.0,1.0,0
177.0,29.64209269662921,25.4667,4.0,1.0,0.0,1.0,0
178.0,50.0,28.7125,0.0,0.0,1.0,0.0,0
179.0,30.0,13.0,0.0,0.0,0.0,1.0,0
180.0,36.0,0.0,0.0,1.0,0.0,1.0,0
181.0,29.64209269662921,69.55,10.0,1.0,1.0,0.0,0
182.0,29.64209269662921,15.05,0.0,0.0,0.0,1.0,0
183.0,9.0,31.3875,6.0,1.0,0.0,1.0,0
184.0,1.0,39.0,3.0,0.0,0.0,1.0,1
185.0,4.0,22.025,2.0,1.0,1.0,0.0,1
186.0,29.64209269662921,50.0,0.0,0.0,0.0,1.0,0
187.0,29.64209269662921,15.5,1.0,1.0,1.0,0.0,1
188.0,45.0,26.55,0.0,0.0,0.0,1.0,1
189.0,40.0,15.5,2.0,1.0,0.0,1.0,0
190.0,36.0,7.8958,0.0,1.0,0.0,1.0,0
191.0,32.0,13.0,0.0,0.0,1.0,0.0,1
192.0,19.0,13.0,0.0,0.0,0.0,1.0,0
193.0,19.0,7.8542,1.0,1.0,1.0,0.0,1
194.0,3.0,26.0,2.0,0.0,0.0,1.0,1
195.0,44.0,27.7208,0.0,0.0,1.0,0.0,1
196.0,58.0,146.5208,0.0,0.0,1.0,0.0,1
197.0,29.64209269662921,7.75,0.0,1.0,0.0,1.0,0
198.0,42.0,8.4042,1.0,1.0,0.0,1.0,0
199.0,29.64209269662921,7.75,0.0,1.0,1.0,0.0,1
200.0,24.0,13.0,0.0,0.0,1.0,0.0,0
201.0,28.0,9.5,0.0,1.0,0.0,1.0,0
202.0,29.64209269662921,69.55,10.0,1.0,0.0,1.0,0
203.0,34.0,6.4958,0.0,1.0,0.0,1.0,0
204.0,45.5,7.225,0.0,1.0,0.0,1.0,0
205.0,18.0,8.05,0.0,1.0,0.0,1.0,1
206.0,2.0,10.4625,1.0,1.0,1.0,0.0,0
207.0,32.0,15.85,1.0,1.0,0.0,1.0,0
208.0,26.0,18.7875,0.0,1.0,0.0,1.0,1
209.0,16.0,7.75,0.0,1.0,1.0,0.0,1
210.0,40.0,31.0,0.0,0.0,0.0,1.0,1
211.0,24.0,7.05,0.0,1.0,0.0,1.0,0
212.0,35.0,21.0,0.0,0.0,1.0,0.0,1
213.0,22.0,7.25,0.0,1.0,0.0,1.0,0
214.0,30.0,13.0,0.0,0.0,0.0,1.0,0
215.0,29.64209269662921,7.75,1.0,1.0,0.0,1.0,0
216.0,31.0,113.275,1.0,0.0,1.0,0.0,1
217.0,27.0,7.925,0.0,1.0,1.0,0.0,1
218.0,42.0,27.0,1.0,0.0,0.0,1.0,0
219.0,32.0,76.2917,0.0,0.0,1.0,0.0,1
220.0,30.0,10.5,0.0,0.0,0.0,1.0,0
221.0,16.0,8.05,0.0,1.0,0.0,1.0,1
222.0,27.0,13.0,0.0,0.0,0.0,1.0,0
223.0,51.0,8.05,0.0,1.0,0.0,1.0,0
224.0,29.64209269662921,7.8958,0.0,1.0,0.0,1.0,0
225.0,38.0,90.0,1.0,0.0,0.0,1.0,1
226.0,22.0,9.35,0.0,1.0,0.0,1.0,0
227.0,19.0,10.5,0.0,0.0,0.0,1.0,1
228.0,20.5,7.25,0.0,1.0,0.0,1.0,0
229.0,18.0,13.0,0.0,0.0,0.0,1.0,0
230.0,29.64209269662921,25.4667,4.0,1.0,1.0,0.0,0
231.0,35.0,83.475,1.0,0.0,1.0,0.0,1
232.0,29.0,7.775,0.0,1.0,0.0,1.0,0
233.0,59.0,13.5,0.0,0.0,0.0,1.0,0
234.0,5.0,31.3875,6.0,1.0,1.0,0.0,1
235.0,24.0,10.5,0.0,0.0,0.0,1.0,0
236.0,29.64209269662921,7.55,0.0,1.0,1.0,0.0,0
237.0,44.0,26.0,1.0,0.0,0.0,1.0,0
238.0,8.0,26.25,2.0,0.0,1.0,0.0,1
239.0,19.0,10.5,0.0,0.0,0.0,1.0,0
240.0,33.0,12.275,0.0,0.0,0.0,1.0,0
241.0,29.64209269662921,14.4542,1.0,1.0,1.0,0.0,0
242.0,29.64209269662921,15.5,1.0,1.0,1.0,0.0,1
243.0,29.0,10.5,0.0,0.0,0.0,1.0,0
244.0,22.0,7.125,0.0,1.0,0.0,1.0,0
245.0,30.0,7.225,0.0,1.0,0.0,1.0,0
246.0,44.0,90.0,2.0,0.0,0.0,1.0,0
247.0,25.0,7.775,0.0,1.0,1.0,0.0,0
248.0,24.0,14.5,2.0,0.0,1.0,0.0,1
249.0,37.0,52.5542,2.0,0.0,0.0,1.0,1
250.0,54.0,26.0,1.0,0.0,0.0,1.0,0
251.0,29.64209269662921,7.25,0.0,1.0,0.0,1.0,0
252.0,29.0,10.4625,2.0,1.0,1.0,0.0,0
253.0,62.0,26.55,0.0,0.0,0.0,1.0,0
254.0,30.0,16.1,1.0,1.0,0.0,1.0,0
255.0,41.0,20.2125,2.0,1.0,1.0,0.0,0
256.0,29.0,15.2458,2.0,1.0,1.0,0.0,1
257.0,29.64209269662921,79.2,0.0,0.0,1.0,0.0,1
258.0,30.0,86.5,0.0,0.0,1.0,0.0,1
259.0,35.0,512.3292,0.0,0.0,1.0,0.0,1
260.0,50.0,26.0,1.0,0.0,1.0,0.0,1
261.0,29.64209269662921,7.75,0.0,1.0,0.0,1.0,0
262.0,3.0,31.3875,6.0,1.0,0.0,1.0,1
263.0,52.0,79.65,2.0,0.0,0.0,1.0,0
264.0,40.0,0.0,0.0,0.0,0.0,1.0,0
265.0,29.64209269662921,7.75,0.0,1.0,1.0,0.0,0
266.0,36.0,10.5,0.0,0.0,0.0,1.0,0
267.0,16.0,39.6875,5.0,1.0,0.0,1.0,0
268.0,25.0,7.775,1.0,1.0,0.0,1.0,1
269.0,58.0,153.4625,1.0,0.0,1.0,0.0,1
270.0,35.0,135.6333,0.0,0.0,1.0,0.0,1
271.0,29.64209269662921,31.0,0.0,0.0,0.0,1.0,0
272.0,25.0,0.0,0.0,1.0,0.0,1.0,1
273.0,41.0,19.5,1.0,0.0,1.0,0.0,1
274.0,37.0,29.7,1.0,0.0,0.0,1.0,0
275.0,29.64209269662921,7.75,0.0,1.0,1.0,0.0,1
276.0,63.0,77.9583,1.0,0.0,1.0,0.0,1
277.0,45.0,7.75,0.0,1.0,1.0,0.0,0
278.0,29.64209269662921,0.0,0.0,0.0,0.0,1.0,0
279.0,7.0,29.125,5.0,1.0,0.0,1.0,0
280.0,35.0,20.25,2.0,1.0,1.0,0.0,1
281.0,65.0,7.75,0.0,1.0,0.0,1.0,0
282.0,28.0,7.8542,0.0,1.0,0.0,1.0,0
283.0,16.0,9.5,0.0,1.0,0.0,1.0,0
284.0,19.0,8.05,0.0,1.0,0.0,1.0,1
285.0,29.64209269662921,26.0,0.0,0.0,0.0,1.0,0
286.0,33.0,8.6625,0.0,1.0,0.0,1.0,0
287.0,30.0,9.5,0.0,1.0,0.0,1.0,1
288.0,22.0,7.8958,0.0,1.0,0.0,1.0,0
289.0,42.0,13.0,0.0,0.0,0.0,1.0,1
290.0,22.0,7.75,0.0,1.0,1.0,0.0,1
291.0,26.0,78.85,0.0,0.0,1.0,0.0,1
292.0,19.0,91.0792,1.0,0.0,1.0,0.0,1
293.0,36.0,12.875,0.0,0.0,0.0,1.0,0
294.0,24.0,8.85,0.0,1.0,1.0,0.0,0
295.0,24.0,7.8958,0.0,1.0,0.0,1.0,0
296.0,29.64209269662921,27.7208,0.0,0.0,0.0,1.0,0
297.0,23.5,7.2292,0.0,1.0,0.0,1.0,0
298.0,2.0,151.55,3.0,0.0,1.0,0.0,0
299.0,29.64209269662921,30.5,0.0,0.0,0.0,1.0,1
300.0,50.0,247.5208,1.0,0.0,1.0,0.0,1
301.0,29.64209269662921,7.75,0.0,1.0,1.0,0.0,1
302.0,29.64209269662921,23.25,2.0,1.0,0.0,1.0,1
303.0,19.0,0.0,0.0,1.0,0.0,1.0,0
304.0,29.64209269662921,12.35,0.0,0.0,1.0,0.0,1
305.0,29.64209269662921,8.05,0.0,1.0,0.0,1.0,0
306.0,0.92,151.55,3.0,0.0,0.0,1.0,1
307.0,29.64209269662921,110.8833,0.0,0.0,1.0,0.0,1
308.0,17.0,108.9,1.0,0.0,1.0,0.0,1
309.0,30.0,24.0,1.0,0.0,0.0,1.0,0
310.0,30.0,56.9292,0.0,0.0,1.0,0.0,1
311.0,24.0,83.1583,0.0,0.0,1.0,0.0,1
312.0,18.0,262.375,4.0,0.0,1.0,0.0,1
313.0,26.0,26.0,2.0,0.0,1.0,0.0,0
314.0,28.0,7.8958,0.0,1.0,0.0,1.0,0
315.0,43.0,26.25,2.0,0.0,0.0,1.0,0
316.0,26.0,7.8542,0.0,1.0,1.0,0.0,1
317.0,24.0,26.0,1.0,0.0,1.0,0.0,1
318.0,54.0,14.0,0.0,0.0,0.0,1.0,0
319.0,31.0,164.8667,2.0,0.0,1.0,0.0,1
320.0,40.0,134.5,2.0,0.0,1.0,0.0,1
321.0,22.0,7.25,0.0,1.0,0.0,1.0,0
322.0,27.0,7.8958,0.0,1.0,0.0,1.0,0
323.0,30.0,12.35,0.0,0.0,1.0,0.0,1
324.0,22.0,29.0,2.0,0.0,1.0,0.0,1
325.0,29.64209269662921,69.55,10.0,1.0,0.0,1.0,0
326.0,36.0,135.6333,0.0,0.0,1.0,0.0,1
327.0,61.0,6.2375,0.0,1.0,0.0,1.0,0
328.0,36.0,13.0,0.0,0.0,1.0,0.0,1
329.0,31.0,20.525,2.0,1.0,1.0,0.0,1
330.0,16.0,57.9792,1.0,0.0,1.0,0.0,1
331.0,29.64209269662921,23.25,2.0,1.0,1.0,0.0,1
332.0,45.5,28.5,0.0,0.0,0.0,1.0,0
333.0,38.0,153.4625,1.0,0.0,0.0,1.0,0
334.0,16.0,18.0,2.0,1.0,0.0,1.0,0
335.0,29.64209269662921,133.65,1.0,0.0,1.0,0.0,1
336.0,29.64209269662921,7.8958,0.0,1.0,0.0,1.0,0
337.0,29.0,66.6,1.0,0.0,0.0,1.0,0
338.0,41.0,134.5,0.0,0.0,1.0,0.0,1
339.0,45.0,8.05,0.0,1.0,0.0,1.0,1
340.0,45.0,35.5,0.0,0.0,0.0,1.0,0
341.0,2.0,26.0,2.0,0.0,0.0,1.0,1
342.0,24.0,263.0,5.0,0.0,1.0,0.0,1
343.0,28.0,13.0,0.0,0.0,0.0,1.0,0
344.0,25.0,13.0,0.0,0.0,0.0,1.0,0
345.0,36.0,13.0,0.0,0.0,0.0,1.0,0
346.0,24.0,13.0,0.0,0.0,1.0,0.0,1
347.0,40.0,13.0,0.0,0.0,1.0,0.0,1
348.0,29.64209269662921,16.1,1.0,1.0,1.0,0.0,1
349.0,3.0,15.9,2.0,1.0,0.0,1.0,1
350.0,42.0,8.6625,0.0,1.0,0.0,1.0,0
351.0,23.0,9.225,0.0,1.0,0.0,1.0,0
352.0,29.64209269662921,35.0,0.0,0.0,0.0,1.0,0
353.0,15.0,7.2292,2.0,1.0,0.0,1.0,0
354.0,25.0,17.8,1.0,1.0,0.0,1.0,0
355.0,29.64209269662921,7.225,0.0,1.0,0.0,1.0,0
356.0,28.0,9.5,0.0,1.0,0.0,1.0,0
357.0,22.0,55.0,1.0,0.0,1.0,0.0,1
358.0,38.0,13.0,0.0,0.0,1.0,0.0,0
359.0,29.64209269662921,7.8792,0.0,1.0,1.0,0.0,1
360.0,29.64209269662921,7.8792,0.0,1.0,1.0,0.0,1
361.0,40.0,27.9,5.0,1.0,0.0,1.0,0
362.0,29.0,27.7208,1.0,0.0,0.0,1.0,0
363.0,45.0,14.4542,1.0,1.0,1.0,0.0,0
364.0,35.0,7.05,0.0,1.0,0.0,1.0,0
365.0,29.64209269662921,15.5,1.0,1.0,0.0,1.0,0
366.0,30.0,7.25,0.0,1.0,0.0,1.0,0
367.0,60.0,75.25,1.0,0.0,1.0,0.0,1
368.0,29.64209269662921,7.2292,0.0,1.0,1.0,0.0,1
369.0,29.64209269662921,7.75,0.0,1.0,1.0,0.0,1
370.0,24.0,69.3,0.0,0.0,1.0,0.0,1
371.0,25.0,55.4417,1.0,0.0,0.0,1.0,1
372.0,18.0,6.4958,1.0,1.0,0.0,1.0,0
373.0,19.0,8.05,0.0,1.0,0.0,1.0,0
374.0,22.0,135.6333,0.0,0.0,0.0,1.0,0
375.0,3.0,21.075,4.0,1.0,1.0,0.0,0
376.0,29.64209269662921,82.1708,1.0,0.0,1.0,0.0,1
377.0,22.0,7.25,0.0,1.0,1.0,0.0,1
378.0,27.0,211.5,2.0,0.0,0.0,1.0,0
379.0,20.0,4.0125,0.0,1.0,0.0,1.0,0
380.0,19.0,7.775,0.0,1.0,0.0,1.0,0
381.0,42.0,227.525,0.0,0.0,1.0,0.0,1
382.0,1.0,15.7417,2.0,1.0,1.0,0.0,1
383.0,32.0,7.925,0.0,1.0,0.0,1.0,0
384.0,35.0,52.0,1.0,0.0,1.0,0.0,1
385.0,29.64209269662921,7.8958,0.0,1.0,0.0,1.0,0
386.0,18.0,73.5,0.0,0.0,0.0,1.0,0
387.0,1.0,46.9,7.0,1.0,0.0,1.0,0
388.0,36.0,13.0,0.0,0.0,1.0,0.0,1
389.0,29.64209269662921,7.7292,0.0,1.0,0.0,1.0,0
390.0,17.0,12.0,0.0,0.0,1.0,0.0,1
391.0,36.0,120.0,3.0,0.0,0.0,1.0,1
392.0,21.0,7.7958,0.0,1.0,0.0,1.0,1
393.0,28.0,7.925,2.0,1.0,0.0,1.0,0
394.0,23.0,113.275,1.0,0.0,1.0,0.0,1
395.0,24.0,16.7,2.0,1.0,1.0,0.0,1
396.0,22.0,7.7958,0.0,1.0,0.0,1.0,0
397.0,31.0,7.8542,0.0,1.0,1.0,0.0,0
398.0,46.0,26.0,0.0,0.0,0.0,1.0,0
399.0,23.0,10.5,0.0,0.0,0.0,1.0,0
400.0,28.0,12.65,0.0,0.0,1.0,0.0,1
401.0,39.0,7.925,0.0,1.0,0.0,1.0,1
402.0,26.0,8.05,0.0,1.0,0.0,1.0,0
403.0,21.0,9.825,1.0,1.0,1.0,0.0,0
404.0,28.0,15.85,1.0,1.0,0.0,1.0,0
405.0,20.0,8.6625,0.0,1.0,1.0,0.0,0
406.0,34.0,21.0,1.0,0.0,0.0,1.0,0
407.0,51.0,7.75,0.0,1.0,0.0,1.0,0
408.0,3.0,18.75,2.0,0.0,0.0,1.0,1
409.0,21.0,7.775,0.0,1.0,0.0,1.0,0
410.0,29.64209269662921,25.4667,4.0,1.0,1.0,0.0,0
411.0,29.64209269662921,7.8958,0.0,1.0,0.0,1.0,0
412.0,29.64209269662921,6.8583,0.0,1.0,0.0,1.0,0
413.0,33.0,90.0,1.0,0.0,1.0,0.0,1
414.0,29.64209269662921,0.0,0.0,0.0,0.0,1.0,0
415.0,44.0,7.925,0.0,1.0,0.0,1.0,1
416.0,29.64209269662921,8.05,0.0,1.0,1.0,0.0,0
417.0,34.0,32.5,2.0,0.0,1.0,0.0,1
418.0,18.0,13.0,2.0,0.0,1.0,0.0,1
419.0,30.0,13.0,0.0,0.0,0.0,1.0,0
420.0,10.0,24.15,2.0,1.0,1.0,0.0,0
421.0,29.64209269662921,7.8958,0.0,1.0,0.0,1.0,0
422.0,21.0,7.7333,0.0,1.0,0.0,1.0,0
423.0,29.0,7.875,0.0,1.0,0.0,1.0,0
424.0,28.0,14.4,2.0,1.0,1.0,0.0,0
425.0,18.0,20.2125,2.0,1.0,0.0,1.0,0
426.0,29.64209269662921,7.25,0.0,1.0,0.0,1.0,0
427.0,28.0,26.0,1.0,0.0,1.0,0.0,1
428.0,19.0,26.0,0.0,0.0,1.0,0.0,1
429.0,29.64209269662921,7.75,0.0,1.0,0.0,1.0,0
430.0,32.0,8.05,0.0,1.0,0.0,1.0,1
431.0,28.0,26.55,0.0,0.0,0.0,1.0,1
432.0,29.64209269662921,16.1,1.0,1.0,1.0,0.0,1
433.0,42.0,26.0,1.0,0.0,1.0,0.0,1
434.0,17.0,7.125,0.0,1.0,0.0,1.0,0
435.0,50.0,55.9,1.0,0.0,0.0,1.0,0
436.0,14.0,120.0,3.0,0.0,1.0,0.0,1
437.0,21.0,34.375,4.0,1.0,1.0,0.0,0
438.0,24.0,18.75,5.0,0.0,1.0,0.0,1
439.0,64.0,263.0,5.0,0.0,0.0,1.0,0
440.0,31.0,10.5,0.0,0.0,0.0,1.0,0
441.0,45.0,26.25,2.0,0.0,1.0,0.0,1
442.0,20.0,9.5,0.0,1.0,0.0,1.0,0
443.0,25.0,7.775,1.0,1.0,0.0,1.0,0
444.0,28.0,13.0,0.0,0.0,1.0,0.0,1
445.0,29.64209269662921,8.1125,0.0,1.0,0.0,1.0,1
446.0,4.0,81.8583,2.0,0.0,0.0,1.0,1
447.0,13.0,19.5,1.0,0.0,1.0,0.0,1
448.0,34.0,26.55,0.0,0.0,0.0,1.0,1
449.0,5.0,19.2583,3.0,1.0,1.0,0.0,1
450.0,52.0,30.5,0.0,0.0,0.0,1.0,1
451.0,36.0,27.75,3.0,0.0,0.0,1.0,0
452.0,29.64209269662921,19.9667,1.0,1.0,0.0,1.0,0
453.0,30.0,27.75,0.0,0.0,0.0,1.0,0
454.0,49.0,89.1042,1.0,0.0,0.0,1.0,1
455.0,29.64209269662921,8.05,0.0,1.0,0.0,1.0,0
456.0,29.0,7.8958,0.0,1.0,0.0,1.0,1
457.0,65.0,26.55,0.0,0.0,0.0,1.0,0
458.0,29.64209269662921,51.8625,1.0,0.0,1.0,0.0,1
459.0,50.0,10.5,0.0,0.0,1.0,0.0,1
460.0,29.64209269662921,7.75,0.0,1.0,0.0,1.0,0
461.0,48.0,26.55,0.0,0.0,0.0,1.0,1
462.0,34.0,8.05,0.0,1.0,0.0,1.0,0
463.0,47.0,38.5,0.0,0.0,0.0,1.0,0
464.0,48.0,13.0,0.0,0.0,0.0,1.0,0
465.0,29.64209269662921,8.05,0.0,1.0,0.0,1.0,0
466.0,38.0,7.05,0.0,1.0,0.0,1.0,0
467.0,29.64209269662921,0.0,0.0,0.0,0.0,1.0,0
468.0,56.0,26.55,0.0,0.0,0.0,1.0,0
469.0,29.64209269662921,7.725,0.0,1.0,0.0,1.0,0
470.0,0.75,19.2583,3.0,1.0,1.0,0.0,1
471.0,29.64209269662921,7.25,0.0,1.0,0.0,1.0,0
472.0,38.0,8.6625,0.0,1.0,0.0,1.0,0
473.0,33.0,27.75,3.0,0.0,1.0,0.0,1
474.0,23.0,13.7917,0.0,0.0,1.0,0.0,1
475.0,22.0,9.8375,0.0,1.0,1.0,0.0,0
476.0,29.64209269662921,52.0,0.0,0.0,0.0,1.0,0
477.0,34.0,21.0,1.0,0.0,0.0,1.0,0
478.0,29.0,7.0458,1.0,1.0,0.0,1.0,0
479.0,22.0,7.5208,0.0,1.0,0.0,1.0,0
480.0,2.0,12.2875,1.0,1.0,1.0,0.0,1
481.0,9.0,46.9,7.0,1.0,0.0,1.0,0
482.0,29.64209269662921,0.0,0.0,0.0,0.0,1.0,0
483.0,50.0,8.05,0.0,1.0,0.0,1.0,0
484.0,63.0,9.5875,0.0,1.0,1.0,0.0,1
485.0,25.0,91.0792,1.0,0.0,0.0,1.0,1
486.0,29.64209269662921,25.4667,4.0,1.0,1.0,0.0,0
487.0,35.0,90.0,1.0,0.0,1.0,0.0,1
488.0,58.0,29.7,0.0,0.0,0.0,1.0,0
489.0,30.0,8.05,0.0,1.0,0.0,1.0,0
490.0,9.0,15.9,2.0,1.0,0.0,1.0,1
491.0,29.64209269662921,19.9667,1.0,1.0,0.0,1.0,0
492.0,21.0,7.25,0.0,1.0,0.0,1.0,0
493.0,55.0,30.5,0.0,0.0,0.0,1.0,0
494.0,71.0,49.5042,0.0,0.0,0.0,1.0,0
495.0,21.0,8.05,0.0,1.0,0.0,1.0,0
496.0,29.64209269662921,14.4583,0.0,1.0,0.0,1.0,0
497.0,54.0,78.2667,1.0,0.0,1.0,0.0,1
498.0,29.64209269662921,15.1,0.0,1.0,0.0,1.0,0
499.0,25.0,151.55,3.0,0.0,1.0,0.0,0
500.0,24.0,7.7958,0.0,1.0,0.0,1.0,0
501.0,17.0,8.6625,0.0,1.0,0.0,1.0,0
502.0,21.0,7.75,0.0,1.0,1.0,0.0,0
503.0,29.64209269662921,7.6292,0.0,1.0,1.0,0.0,0
504.0,37.0,9.5875,0.0,1.0,1.0,0.0,0
505.0,16.0,86.5,0.0,0.0,1.0,0.0,1
506.0,18.0,108.9,1.0,0.0,0.0,1.0,0
507.0,33.0,26.0,2.0,0.0,1.0,0.0,1
508.0,29.64209269662921,26.55,0.0,0.0,0.0,1.0,1
509.0,28.0,22.525,0.0,1.0,0.0,1.0,0
510.0,26.0,56.4958,0.0,1.0,0.0,1.0,1
511.0,29.0,7.75,0.0,1.0,0.0,1.0,1
512.0,29.64209269662921,8.05,0.0,1.0,0.0,1.0,0
513.0,36.0,26.2875,0.0,0.0,0.0,1.0,1
514.0,54.0,59.4,1.0,0.0,1.0,0.0,1
515.0,24.0,7.4958,0.0,1.0,0.0,1.0,0
516.0,47.0,34.0208,0.0,0.0,0.0,1.0,0
517.0,34.0,10.5,0.0,0.0,1.0,0.0,1
518.0,29.64209269662921,24.15,0.0,1.0,0.0,1.0,0
519.0,36.0,26.0,1.0,0.0,1.0,0.0,1
520.0,32.0,7.8958,0.0,1.0,0.0,1.0,0
521.0,30.0,93.5,0.0,0.0,1.0,0.0,1
522.0,22.0,7.8958,0.0,1.0,0.0,1.0,0
523.0,29.64209269662921,7.225,0.0,1.0,0.0,1.0,0
524.0,44.0,57.9792,1.0,0.0,1.0,0.0,1
525.0,29.64209269662921,7.2292,0.0,1.0,0.0,1.0,0
526.0,40.5,7.75,0.0,1.0,0.0,1.0,0
527.0,50.0,10.5,0.0,0.0,1.0,0.0,1
528.0,29.64209269662921,221.7792,0.0,0.0,0.0,1.0,0
529.0,39.0,7.925,0.0,1.0,0.0,1.0,0
530.0,23.0,11.5,3.0,0.0,0.0,1.0,0
531.0,2.0,26.0,2.0,0.0,1.0,0.0,1
532.0,29.64209269662921,7.2292,0.0,1.0,0.0,1.0,0
533.0,17.0,7.2292,2.0,1.0,0.0,1.0,0
534.0,29.64209269662921,22.3583,2.0,1.0,1.0,0.0,1
535.0,30.0,8.6625,0.0,1.0,1.0,0.0,0
536.0,7.0,26.25,2.0,0.0,1.0,0.0,1
537.0,45.0,26.55,0.0,0.0,0.0,1.0,0
538.0,30.0,106.425,0.0,0.0,1.0,0.0,1
539.0,29.64209269662921,14.5,0.0,1.0,0.0,1.0,0
540.0,22.0,49.5,2.0,0.0,1.0,0.0,1
541.0,36.0,71.0,2.0,0.0,1.0,0.0,1
542.0,9.0,31.275,6.0,1.0,1.0,0.0,0
543.0,11.0,31.275,6.0,1.0,1.0,0.0,0
544.0,32.0,26.0,1.0,0.0,0.0,1.0,1
545.0,50.0,106.425,1.0,0.0,0.0,1.0,0
546.0,64.0,26.0,0.0,0.0,0.0,1.0,0
547.0,19.0,26.0,1.0,0.0,1.0,0.0,1
548.0,29.64209269662921,13.8625,0.0,0.0,0.0,1.0,1
549.0,33.0,20.525,2.0,1.0,0.0,1.0,0
550.0,8.0,36.75,2.0,0.0,0.0,1.0,1
551.0,17.0,110.8833,2.0,0.0,0.0,1.0,1
552.0,27.0,26.0,0.0,0.0,0.0,1.0,0
553.0,29.64209269662921,7.8292,0.0,1.0,0.0,1.0,0
554.0,22.0,7.225,0.0,1.0,0.0,1.0,1
555.0,22.0,7.775,0.0,1.0,1.0,0.0,1
556.0,62.0,26.55,0.0,0.0,0.0,1.0,0
557.0,48.0,39.6,1.0,0.0,1.0,0.0,1
558.0,29.64209269662921,227.525,0.0,0.0,0.0,1.0,0
559.0,39.0,79.65,2.0,0.0,1.0,0.0,1
560.0,36.0,17.4,1.0,1.0,1.0,0.0,1
561.0,29.64209269662921,7.75,0.0,1.0,0.0,1.0,0
562.0,40.0,7.8958,0.0,1.0,0.0,1.0,0
563.0,28.0,13.5,0.0,0.0,0.0,1.0,0
564.0,29.64209269662921,8.05,0.0,1.0,0.0,1.0,0
565.0,29.64209269662921,8.05,0.0,1.0,1.0,0.0,0
566.0,24.0,24.15,2.0,1.0,0.0,1.0,0
567.0,19.0,7.8958,0.0,1.0,0.0,1.0,0
568.0,29.0,21.075,4.0,1.0,1.0,0.0,0
569.0,29.64209269662921,7.2292,0.0,1.0,0.0,1.0,0
570.0,32.0,7.8542,0.0,1.0,0.0,1.0,1
571.0,62.0,10.5,0.0,0.0,0.0,1.0,1
572.0,53.0,51.4792,2.0,0.0,1.0,0.0,1
573.0,36.0,26.3875,0.0,0.0,0.0,1.0,1
574.0,29.64209269662921,7.75,0.0,1.0,1.0,0.0,1
575.0,16.0,8.05,0.0,1.0,0.0,1.0,0
576.0,19.0,14.5,0.0,1.0,0.0,1.0,0
577.0,34.0,13.0,0.0,0.0,1.0,0.0,1
578.0,39.0,55.9,1.0,0.0,1.0,0.0,1
579.0,29.64209269662921,14.4583,1.0,1.0,1.0,0.0,0
580.0,32.0,7.925,0.0,1.0,0.0,1.0,1
581.0,25.0,30.0,2.0,0.0,1.0,0.0,1
582.0,39.0,110.8833,2.0,0.0,1.0,0.0,1
583.0,54.0,26.0,0.0,0.0,0.0,1.0,0
584.0,36.0,40.125,0.0,0.0,0.0,1.0,0
585.0,29.64209269662921,8.7125,0.0,1.0,0.0,1.0,0
586.0,18.0,79.65,2.0,0.0,1.0,0.0,1
587.0,47.0,15.0,0.0,0.0,0.0,1.0,0
588.0,60.0,79.2,2.0,0.0,0.0,1.0,1
589.0,22.0,8.05,0.0,1.0,0.0,1.0,0
590.0,29.64209269662921,8.05,0.0,1.0,0.0,1.0,0
591.0,35.0,7.125,0.0,1.0,0.0,1.0,0
592.0,52.0,78.2667,1.0,0.0,1.0,0.0,1
593.0,47.0,7.25,0.0,1.0,0.0,1.0,0
594.0,29.64209269662921,7.75,2.0,1.0,1.0,0.0,0
595.0,37.0,26.0,1.0,0.0,0.0,1.0,0
596.0,36.0,24.15,2.0,1.0,0.0,1.0,0
597.0,29.64209269662921,33.0,0.0,0.0,1.0,0.0,1
598.0,49.0,0.0,0.0,1.0,0.0,1.0,0
599.0,29.64209269662921,7.225,0.0,1.0,0.0,1.0,0
600.0,49.0,56.9292,1.0,0.0,0.0,1.0,1
601.0,24.0,27.0,3.0,0.0,1.0,0.0,1
602.0,29.64209269662921,7.8958,0.0,1.0,0.0,1.0,0
603.0,29.64209269662921,42.4,0.0,0.0,0.0,1.0,0
604.0,44.0,8.05,0.0,1.0,0.0,1.0,0
605.0,35.0,26.55,0.0,0.0,0.0,1.0,1
606.0,36.0,15.55,1.0,1.0,0.0,1.0,0
607.0,30.0,7.8958,0.0,1.0,0.0,1.0,0
608.0,27.0,30.5,0.0,0.0,0.0,1.0,1
609.0,22.0,41.5792,3.0,0.0,1.0,0.0,1
610.0,40.0,153.4625,0.0,0.0,1.0,0.0,1
611.0,39.0,31.275,6.0,1.0,1.0,0.0,0
612.0,29.64209269662921,7.05,0.0,1.0,0.0,1.0,0
613.0,29.64209269662921,15.5,1.0,1.0,1.0,0.0,1
614.0,29.64209269662921,7.75,0.0,1.0,0.0,1.0,0
615.0,35.0,8.05,0.0,1.0,0.0,1.0,0
616.0,24.0,65.0,3.0,0.0,1.0,0.0,1
617.0,34.0,14.4,2.0,1.0,0.0,1.0,0
618.0,26.0,16.1,1.0,1.0,1.0,0.0,0
619.0,4.0,39.0,3.0,0.0,1.0,0.0,1
620.0,26.0,10.5,0.0,0.0,0.0,1.0,0
621.0,27.0,14.4542,1.0,1.0,0.0,1.0,0
622.0,42.0,52.5542,1.0,0.0,0.0,1.0,1
623.0,20.0,15.7417,2.0,1.0,0.0,1.0,1
624.0,21.0,7.8542,0.0,1.0,0.0,1.0,0
625.0,21.0,16.1,0.0,1.0,0.0,1.0,0
626.0,61.0,32.3208,0.0,0.0,0.0,1.0,0
627.0,57.0,12.35,0.0,0.0,0.0,1.0,0
628.0,21.0,77.9583,0.0,0.0,1.0,0.0,1
629.0,26.0,7.8958,0.0,1.0,0.0,1.0,0
630.0,29.64209269662921,7.7333,0.0,1.0,0.0,1.0,0
631.0,80.0,30.0,0.0,0.0,0.0,1.0,1
632.0,51.0,7.0542,0.0,1.0,0.0,1.0,0
633.0,32.0,30.5,0.0,0.0,0.0,1.0,1
634.0,29.64209269662921,0.0,0.0,0.0,0.0,1.0,0
635.0,9.0,27.9,5.0,1.0,1.0,0.0,0
636.0,28.0,13.0,0.0,0.0,1.0,0.0,1
637.0,32.0,7.925,0.0,1.0,0.0,1.0,0
638.0,31.0,26.25,2.0,0.0,0.0,1.0,0
639.0,41.0,39.6875,5.0,1.0,1.0,0.0,0
640.0,29.64209269662921,16.1,1.0,1.0,0.0,1.0,0
641.0,20.0,7.8542,0.0,1.0,0.0,1.0,0
642.0,24.0,69.3,0.0,0.0,1.0,0.0,1
643.0,2.0,27.9,5.0,1.0,1.0,0.0,0
644.0,29.64209269662921,56.4958,0.0,1.0,0.0,1.0,1
645.0,0.75,19.2583,3.0,1.0,1.0,0.0,1
646.0,48.0,76.7292,1.0,0.0,0.0,1.0,1
647.0,19.0,7.8958,0.0,1.0,0.0,1.0,0
648.0,56.0,35.5,0.0,0.0,0.0,1.0,1
649.0,29.64209269662921,7.55,0.0,1.0,0.0,1.0,0
650.0,23.0,7.55,0.0,1.0,1.0,0.0,1
651.0,29.64209269662921,7.8958,0.0,1.0,0.0,1.0,0
652.0,18.0,23.0,1.0,0.0,1.0,0.0,1
653.0,21.0,8.4333,0.0,1.0,0.0,1.0,0
654.0,29.64209269662921,7.8292,0.0,1.0,1.0,0.0,1
655.0,18.0,6.75,0.0,1.0,1.0,0.0,0
656.0,24.0,73.5,2.0,0.0,0.0,1.0,0
657.0,29.64209269662921,7.8958,0.0,1.0,0.0,1.0,0
658.0,32.0,15.5,2.0,1.0,1.0,0.0,0
659.0,23.0,13.0,0.0,0.0,0.0,1.0,0
660.0,58.0,113.275,2.0,0.0,0.0,1.0,0
661.0,50.0,133.65,2.0,0.0,0.0,1.0,1
662.0,40.0,7.225,0.0,1.0,0.0,1.0,0
663.0,47.0,25.5875,0.0,0.0,0.0,1.0,0
664.0,36.0,7.4958,0.0,1.0,0.0,1.0,0
665.0,20.0,7.925,1.0,1.0,0.0,1.0,1
666.0,32.0,73.5,2.0,0.0,0.0,1.0,0
667.0,25.0,13.0,0.0,0.0,0.0,1.0,0
668.0,29.64209269662921,7.775,0.0,1.0,0.0,1.0,0
669.0,43.0,8.05,0.0,1.0,0.0,1.0,0
670.0,29.64209269662921,52.0,1.0,0.0,1.0,0.0,1
671.0,40.0,39.0,2.0,0.0,1.0,0.0,1
672.0,31.0,52.0,1.0,0.0,0.0,1.0,0
673.0,70.0,10.5,0.0,0.0,0.0,1.0,0
674.0,31.0,13.0,0.0,0.0,0.0,1.0,1
675.0,29.64209269662921,0.0,0.0,0.0,0.0,1.0,0
676.0,18.0,7.775,0.0,1.0,0.0,1.0,0
677.0,24.5,8.05,0.0,1.0,0.0,1.0,0
678.0,18.0,9.8417,0.0,1.0,1.0,0.0,1
679.0,43.0,46.9,7.0,1.0,1.0,0.0,0
680.0,36.0,512.3292,1.0,0.0,0.0,1.0,1
681.0,29.64209269662921,8.1375,0.0,1.0,1.0,0.0,0
682.0,27.0,76.7292,0.0,0.0,0.0,1.0,1
683.0,20.0,9.225,0.0,1.0,0.0,1.0,0
684.0,14.0,46.9,7.0,1.0,0.0,1.0,0
685.0,60.0,39.0,2.0,0.0,0.0,1.0,0
686.0,25.0,41.5792,3.0,0.0,0.0,1.0,0
687.0,14.0,39.6875,5.0,1.0,0.0,1.0,0
688.0,19.0,10.1708,0.0,1.0,0.0,1.0,0
689.0,18.0,7.7958,0.0,1.0,0.0,1.0,0
690.0,15.0,211.3375,1.0,0.0,1.0,0.0,1
691.0,31.0,57.0,1.0,0.0,0.0,1.0,1
692.0,4.0,13.4167,1.0,1.0,1.0,0.0,1
693.0,29.64209269662921,56.4958,0.0,1.0,0.0,1.0,1
694.0,25.0,7.225,0.0,1.0,0.0,1.0,0
695.0,60.0,26.55,0.0,0.0,0.0,1.0,0
696.0,52.0,13.5,0.0,0.0,0.0,1.0,0
697.0,44.0,8.05,0.0,1.0,0.0,1.0,0
698.0,29.64209269662921,7.7333,0.0,1.0,1.0,0.0,1
699.0,49.0,110.8833,2.0,0.0,0.0,1.0,0
700.0,42.0,7.65,0.0,1.0,0.0,1.0,0
701.0,18.0,227.525,1.0,0.0,1.0,0.0,1
702.0,35.0,26.2875,0.0,0.0,0.0,1.0,1
703.0,18.0,14.4542,1.0,1.0,1.0,0.0,0
704.0,25.0,7.7417,0.0,1.0,0.0,1.0,0
705.0,26.0,7.8542,1.0,1.0,0.0,1.0,0
706.0,39.0,26.0,0.0,0.0,0.0,1.0,0
707.0,45.0,13.5,0.0,0.0,1.0,0.0,1
708.0,42.0,26.2875,0.0,0.0,0.0,1.0,1
709.0,22.0,151.55,0.0,0.0,1.0,0.0,1
710.0,29.64209269662921,15.2458,2.0,1.0,0.0,1.0,1
711.0,24.0,49.5042,0.0,0.0,1.0,0.0,1
712.0,29.64209269662921,26.55,0.0,0.0,0.0,1.0,0
713.0,48.0,52.0,1.0,0.0,0.0,1.0,1
714.0,29.0,9.4833,0.0,1.0,0.0,1.0,0
715.0,52.0,13.0,0.0,0.0,0.0,1.0,0
716.0,19.0,7.65,0.0,1.0,0.0,1.0,0
717.0,38.0,227.525,0.0,0.0,1.0,0.0,1
718.0,27.0,10.5,0.0,0.0,1.0,0.0,1
719.0,29.64209269662921,15.5,0.0,1.0,0.0,1.0,0
720.0,33.0,7.775,0.0,1.0,0.0,1.0,0
721.0,6.0,33.0,1.0,0.0,1.0,0.0,1
722.0,17.0,7.0542,1.0,1.0,0.0,1.0,0
723.0,34.0,13.0,0.0,0.0,0.0,1.0,0
724.0,50.0,13.0,0.0,0.0,0.0,1.0,0
725.0,27.0,53.1,1.0,0.0,0.0,1.0,1
726.0,20.0,8.6625,0.0,1.0,0.0,1.0,0
727.0,30.0,21.0,3.0,0.0,1.0,0.0,1
728.0,29.64209269662921,7.7375,0.0,1.0,1.0,0.0,1
729.0,25.0,26.0,1.0,0.0,0.0,1.0,0
730.0,25.0,7.925,1.0,1.0,1.0,0.0,0
731.0,29.0,211.3375,0.0,0.0,1.0,0.0,1
732.0,11.0,18.7875,0.0,1.0,0.0,1.0,0
733.0,29.64209269662921,0.0,0.0,0.0,0.0,1.0,0
734.0,23.0,13.0,0.0,0.0,0.0,1.0,0
735.0,23.0,13.0,0.0,0.0,0.0,1.0,0
736.0,28.5,16.1,0.0,1.0,0.0,1.0,0
737.0,48.0,34.375,4.0,1.0,1.0,0.0,0
738.0,35.0,512.3292,0.0,0.0,0.0,1.0,1
739.0,29.64209269662921,7.8958,0.0,1.0,0.0,1.0,0
740.0,29.64209269662921,7.8958,0.0,1.0,0.0,1.0,0
741.0,29.64209269662921,30.0,0.0,0.0,0.0,1.0,1
742.0,36.0,78.85,1.0,0.0,0.0,1.0,0
743.0,21.0,262.375,4.0,0.0,1.0,0.0,1
744.0,24.0,16.1,1.0,1.0,0.0,1.0,0
745.0,31.0,7.925,0.0,1.0,0.0,1.0,1
746.0,70.0,71.0,2.0,0.0,0.0,1.0,0
747.0,16.0,20.25,2.0,1.0,0.0,1.0,0
748.0,30.0,13.0,0.0,0.0,1.0,0.0,1
749.0,19.0,53.1,1.0,0.0,0.0,1.0,0
750.0,31.0,7.75,0.0,1.0,0.0,1.0,0
751.0,4.0,23.0,2.0,0.0,1.0,0.0,1
752.0,6.0,12.475,1.0,1.0,0.0,1.0,1
753.0,33.0,9.5,0.0,1.0,0.0,1.0,0
754.0,23.0,7.8958,0.0,1.0,0.0,1.0,0
755.0,48.0,65.0,3.0,0.0,1.0,0.0,1
756.0,0.67,14.5,2.0,0.0,0.0,1.0,1
757.0,28.0,7.7958,0.0,1.0,0.0,1.0,0
758.0,18.0,11.5,0.0,0.0,0.0,1.0,0
759.0,34.0,8.05,0.0,1.0,0.0,1.0,0
760.0,33.0,86.5,0.0,0.0,1.0,0.0,1
761.0,29.64209269662921,14.5,0.0,1.0,0.0,1.0,0
762.0,41.0,7.125,0.0,1.0,0.0,1.0,0
763.0,20.0,7.2292,0.0,1.0,0.0,1.0,1
764.0,36.0,120.0,3.0,0.0,1.0,0.0,1
765.0,16.0,7.775,0.0,1.0,0.0,1.0,0
766.0,51.0,77.9583,1.0,0.0,1.0,0.0,1
767.0,29.64209269662921,39.6,0.0,0.0,0.0,1.0,0
768.0,30.5,7.75,0.0,1.0,1.0,0.0,0
769.0,29.64209269662921,24.15,1.0,1.0,0.0,1.0,0
770.0,32.0,8.3625,0.0,1.0,0.0,1.0,0
771.0,24.0,9.5,0.0,1.0,0.0,1.0,0
772.0,48.0,7.8542,0.0,1.0,0.0,1.0,0
773.0,57.0,10.5,0.0,0.0,1.0,0.0,0
774.0,29.64209269662921,7.225,0.0,1.0,0.0,1.0,0
775.0,54.0,23.0,4.0,0.0,1.0,0.0,1
776.0,18.0,7.75,0.0,1.0,0.0,1.0,0
777.0,29.64209269662921,7.75,0.0,1.0,0.0,1.0,0
778.0,5.0,12.475,0.0,1.0,1.0,0.0,1
779.0,29.64209269662921,7.7375,0.0,1.0,0.0,1.0,0
780.0,43.0,211.3375,1.0,0.0,1.0,0.0,1
781.0,13.0,7.2292,0.0,1.0,1.0,0.0,1
782.0,17.0,57.0,1.0,0.0,1.0,0.0,1
783.0,29.0,30.0,0.0,0.0,0.0,1.0,0
784.0,29.64209269662921,23.45,3.0,1.0,0.0,1.0,0
785.0,25.0,7.05,0.0,1.0,0.0,1.0,0
786.0,25.0,7.25,0.0,1.0,0.0,1.0,0
787.0,18.0,7.4958,0.0,1.0,1.0,0.0,1
788.0,8.0,29.125,5.0,1.0,0.0,1.0,0
789.0,1.0,20.575,3.0,1.0,0.0,1.0,1
790.0,46.0,79.2,0.0,0.0,0.0,1.0,0
791.0,29.64209269662921,7.75,0.0,1.0,0.0,1.0,0
792.0,16.0,26.0,0.0,0.0,0.0,1.0,0
793.0,29.64209269662921,69.55,10.0,1.0,1.0,0.0,0
794.0,29.64209269662921,30.6958,0.0,0.0,0.0,1.0,0
795.0,25.0,7.8958,0.0,1.0,0.0,1.0,0
796.0,39.0,13.0,0.0,0.0,0.0,1.0,0
797.0,49.0,25.9292,0.0,0.0,1.0,0.0,1
798.0,31.0,8.6833,0.0,1.0,1.0,0.0,1
799.0,30.0,7.2292,0.0,1.0,0.0,1.0,0
800.0,30.0,24.15,2.0,1.0,1.0,0.0,0
801.0,34.0,13.0,0.0,0.0,0.0,1.0,0
802.0,31.0,26.25,2.0,0.0,1.0,0.0,1
803.0,11.0,120.0,3.0,0.0,0.0,1.0,1
804.0,0.42,8.5167,1.0,1.0,0.0,1.0,1
805.0,27.0,6.975,0.0,1.0,0.0,1.0,1
806.0,31.0,7.775,0.0,1.0,0.0,1.0,0
807.0,39.0,0.0,0.0,0.0,0.0,1.0,0
808.0,18.0,7.775,0.0,1.0,1.0,0.0,0
809.0,39.0,13.0,0.0,0.0,0.0,1.0,0
810.0,33.0,53.1,1.0,0.0,1.0,0.0,1
811.0,26.0,7.8875,0.0,1.0,0.0,1.0,0
812.0,39.0,24.15,0.0,1.0,0.0,1.0,0
813.0,35.0,10.5,0.0,0.0,0.0,1.0,0
814.0,6.0,31.275,6.0,1.0,1.0,0.0,0
815.0,30.5,8.05,0.0,1.0,0.0,1.0,0
816.0,29.64209269662921,0.0,0.0,0.0,0.0,1.0,0
817.0,23.0,7.925,0.0,1.0,1.0,0.0,0
818.0,31.0,37.0042,2.0,0.0,0.0,1.0,0
819.0,43.0,6.45,0.0,1.0,0.0,1.0,0
820.0,10.0,27.9,5.0,1.0,0.0,1.0,0
821.0,52.0,93.5,2.0,0.0,1.0,0.0,1
822.0,27.0,8.6625,0.0,1.0,0.0,1.0,1
823.0,38.0,0.0,0.0,0.0,0.0,1.0,0
824.0,27.0,12.475,1.0,1.0,1.0,0.0,1
825.0,2.0,39.6875,5.0,1.0,0.0,1.0,0
826.0,29.64209269662921,6.95,0.0,1.0,0.0,1.0,0
827.0,29.64209269662921,56.4958,0.0,1.0,0.0,1.0,0
828.0,1.0,37.0042,2.0,0.0,0.0,1.0,1
829.0,29.64209269662921,7.75,0.0,1.0,0.0,1.0,1
831.0,15.0,14.4542,1.0,1.0,1.0,0.0,1
832.0,0.83,18.75,2.0,0.0,0.0,1.0,1
833.0,29.64209269662921,7.2292,0.0,1.0,0.0,1.0,0
834.0,23.0,7.8542,0.0,1.0,0.0,1.0,0
835.0,18.0,8.3,0.0,1.0,0.0,1.0,0
836.0,39.0,83.1583,2.0,0.0,1.0,0.0,1
837.0,21.0,8.6625,0.0,1.0,0.0,1.0,0
838.0,29.64209269662921,8.05,0.0,1.0,0.0,1.0,0
839.0,32.0,56.4958,0.0,1.0,0.0,1.0,1
840.0,29.64209269662921,29.7,0.0,0.0,0.0,1.0,1
841.0,20.0,7.925,0.0,1.0,0.0,1.0,0
842.0,16.0,10.5,0.0,0.0,0.0,1.0,0
843.0,30.0,31.0,0.0,0.0,1.0,0.0,1
844.0,34.5,6.4375,0.0,1.0,0.0,1.0,0
845.0,17.0,8.6625,0.0,1.0,0.0,1.0,0
846.0,42.0,7.55,0.0,1.0,0.0,1.0,0
847.0,29.64209269662921,69.55,10.0,1.0,0.0,1.0,0
848.0,35.0,7.8958,0.0,1.0,0.0,1.0,0
849.0,28.0,33.0,1.0,0.0,0.0,1.0,0
850.0,29.64209269662921,89.1042,1.0,0.0,1.0,0.0,1
851.0,4.0,31.275,6.0,1.0,0.0,1.0,0
852.0,74.0,7.775,0.0,1.0,0.0,1.0,0
853.0,9.0,15.2458,2.0,1.0,1.0,0.0,0
854.0,16.0,39.4,1.0,0.0,1.0,0.0,1
855.0,44.0,26.0,1.0,0.0,1.0,0.0,0
856.0,18.0,9.35,1.0,1.0,1.0,0.0,1
857.0,45.0,164.8667,2.0,0.0,1.0,0.0,1
858.0,51.0,26.55,0.0,0.0,0.0,1.0,1
859.0,24.0,19.2583,3.0,1.0,1.0,0.0,1
860.0,29.64209269662921,7.2292,0.0,1.0,0.0,1.0,0
861.0,41.0,14.1083,2.0,1.0,0.0,1.0,0
862.0,21.0,11.5,1.0,0.0,0.0,1.0,0
863.0,48.0,25.9292,0.0,0.0,1.0,0.0,1
864.0,29.64209269662921,69.55,10.0,1.0,1.0,0.0,0
865.0,24.0,13.0,0.0,0.0,0.0,1.0,0
866.0,42.0,13.0,0.0,0.0,1.0,0.0,1
867.0,27.0,13.8583,1.0,0.0,1.0,0.0,1
868.0,31.0,50.4958,0.0,0.0,0.0,1.0,0
869.0,29.64209269662921,9.5,0.0,1.0,0.0,1.0,0
870.0,4.0,11.1333,2.0,1.0,0.0,1.0,1
871.0,26.0,7.8958,0.0,1.0,0.0,1.0,0
872.0,47.0,52.5542,2.0,0.0,1.0,0.0,1
873.0,33.0,5.0,0.0,0.0,0.0,1.0,0
874.0,47.0,9.0,0.0,1.0,0.0,1.0,0
875.0,28.0,24.0,1.0,0.0,1.0,0.0,1
876.0,15.0,7.225,0.0,1.0,1.0,0.0,1
877.0,20.0,9.8458,0.0,1.0,0.0,1.0,0
878.0,19.0,7.8958,0.0,1.0,0.0,1.0,0
879.0,29.64209269662921,7.8958,0.0,1.0,0.0,1.0,0
880.0,56.0,83.1583,1.0,0.0,1.0,0.0,1
881.0,25.0,26.0,1.0,0.0,1.0,0.0,1
882.0,33.0,7.8958,0.0,1.0,0.0,1.0,0
883.0,22.0,10.5167,0.0,1.0,1.0,0.0,0
884.0,28.0,10.5,0.0,0.0,0.0,1.0,0
885.0,25.0,7.05,0.0,1.0,0.0,1.0,0
886.0,39.0,29.125,5.0,1.0,1.0,0.0,0
887.0,27.0,13.0,0.0,0.0,0.0,1.0,0
888.0,19.0,30.0,0.0,0.0,1.0,0.0,1
889.0,29.64209269662921,23.45,3.0,1.0,1.0,0.0,0
890.0,26.0,30.0,0.0,0.0,0.0,1.0,1
891.0,32.0,7.75,0.0,1.0,0.0,1.0,0
