PassengerId,Age,Fare,Family,Pclass_2,Sex_0,Sex_1,Survived,kfold
213.0,22.0,7.25,0.0,1.0,0.0,1.0,0,0
592.0,52.0,78.2667,1.0,0.0,1.0,0.0,1,0
384.0,35.0,52.0,1.0,0.0,1.0,0.0,1,0
228.0,20.5,7.25,0.0,1.0,0.0,1.0,0,0
153.0,55.5,8.05,0.0,1.0,0.0,1.0,0,0
597.0,29.64209269662921,33.0,0.0,0.0,1.0,0.0,1,0
297.0,23.5,7.2292,0.0,1.0,0.0,1.0,0,0
74.0,26.0,14.4542,1.0,1.0,0.0,1.0,0,0
768.0,30.5,7.75,0.0,1.0,1.0,0.0,0,0
32.0,29.64209269662921,146.5208,1.0,0.0,1.0,0.0,1,0
754.0,23.0,7.8958,0.0,1.0,0.0,1.0,0,0
84.0,28.0,47.1,0.0,0.0,0.0,1.0,0,0
365.0,29.64209269662921,15.5,1.0,1.0,0.0,1.0,0,0
255.0,41.0,20.2125,2.0,1.0,1.0,0.0,0,0
282.0,28.0,7.8542,0.0,1.0,0.0,1.0,0,0
680.0,36.0,512.3292,1.0,0.0,0.0,1.0,1,0
353.0,15.0,7.2292,2.0,1.0,0.0,1.0,0,0
773.0,57.0,10.5,0.0,0.0,1.0,0.0,0,0
682.0,27.0,76.7292,0.0,0.0,0.0,1.0,1,0
449.0,5.0,19.2583,3.0,1.0,1.0,0.0,1,0
888.0,19.0,30.0,0.0,0.0,1.0,0.0,1,0
137.0,19.0,26.2833,2.0,0.0,1.0,0.0,1,0
752.0,6.0,12.475,1.0,1.0,0.0,1.0,1,0
796.0,39.0,13.0,0.0,0.0,0.0,1.0,0,0
477.0,34.0,21.0,1.0,0.0,0.0,1.0,0,0
360.0,29.64209269662921,7.8792,0.0,1.0,1.0,0.0,1,0
630.0,29.64209269662921,7.7333,0.0,1.0,0.0,1.0,0,0
63.0,45.0,83.475,1.0,0.0,0.0,1.0,0,0
604.0,44.0,8.05,0.0,1.0,0.0,1.0,0,0
521.0,30.0,93.5,0.0,0.0,1.0,0.0,1,0
638.0,31.0,26.25,2.0,0.0,0.0,1.0,0,0
513.0,36.0,26.2875,0.0,0.0,0.0,1.0,1,0
208.0,26.0,18.7875,0.0,1.0,0.0,1.0,1,0
475.0,22.0,9.8375,0.0,1.0,1.0,0.0,0,0
70.0,26.0,8.6625,2.0,1.0,0.0,1.0,0,0
474.0,23.0,13.7917,0.0,0.0,1.0,0.0,1,0
369.0,29.64209269662921,7.75,0.0,1.0,1.0,0.0,1,0
209.0,16.0,7.75,0.0,1.0,1.0,0.0,1,0
804.0,0.42,8.5167,1.0,1.0,0.0,1.0,1,0
199.0,29.64209269662921,7.75,0.0,1.0,1.0,0.0,1,0
363.0,45.0,14.4542,1.0,1.0,1.0,0.0,0,0
139.0,16.0,9.2167,0.0,1.0,0.0,1.0,0,0
58.0,28.5,7.2292,0.0,1.0,0.0,1.0,0,0
742.0,36.0,78.85,1.0,0.0,0.0,1.0,0,0
186.0,29.64209269662921,50.0,0.0,0.0,0.0,1.0,0,0
690.0,15.0,211.3375,1.0,0.0,1.0,0.0,1,0
3.0,26.0,7.925,0.0,1.0,1.0,0.0,1,0
518.0,29.64209269662921,24.15,0.0,1.0,0.0,1.0,0,0
776.0,18.0,7.75,0.0,1.0,0.0,1.0,0,0
599.0,29.64209269662921,7.225,0.0,1.0,0.0,1.0,0,0
526.0,40.5,7.75,0.0,1.0,0.0,1.0,0,0
23.0,15.0,8.0292,0.0,1.0,1.0,0.0,1,0
790.0,46.0,79.2,0.0,0.0,0.0,1.0,0,0
595.0,37.0,26.0,1.0,0.0,0.0,1.0,0,0
1.0,22.0,7.25,1.0,1.0,0.0,1.0,0,0
601.0,24.0,27.0,3.0,0.0,1.0,0.0,1,0
736.0,28.5,16.1,0.0,1.0,0.0,1.0,0,0
178.0,50.0,28.7125,0.0,0.0,1.0,0.0,0,0
127.0,29.64209269662921,7.75,0.0,1.0,0.0,1.0,0,0
364.0,35.0,7.05,0.0,1.0,0.0,1.0,0,0
30.0,29.64209269662921,7.8958,0.0,1.0,0.0,1.0,0,0
428.0,19.0,26.0,0.0,0.0,1.0,0.0,1,0
835.0,18.0,8.3,0.0,1.0,0.0,1.0,0,0
744.0,24.0,16.1,1.0,1.0,0.0,1.0,0,0
396.0,22.0,7.7958,0.0,1.0,0.0,1.0,0,0
843.0,30.0,31.0,0.0,0.0,1.0,0.0,1,0
622.0,42.0,52.5542,1.0,0.0,0.0,1.0,1,0
78.0,29.64209269662921,8.05,0.0,1.0,0.0,1.0,0,0
421.0,29.64209269662921,7.8958,0.0,1.0,0.0,1.0,0,0
152.0,22.0,66.6,1.0,0.0,1.0,0.0,1,0
876.0,15.0,7.225,0.0,1.0,1.0,0.0,1,0
869.0,29.64209269662921,9.5,0.0,1.0,0.0,1.0,0,0
134.0,29.0,26.0,1.0,0.0,1.0,0.0,1,0
94.0,26.0,20.575,3.0,1.0,0.0,1.0,0,0
53.0,49.0,76.7292,1.0,0.0,1.0,0.0,1,0
413.0,33.0,90.0,1.0,0.0,1.0,0.0,1,0
887.0,27.0,13.0,0.0,0.0,0.0,1.0,0,0
177.0,29.64209269662921,25.4667,4.0,1.0,0.0,1.0,0,0
354.0,25.0,17.8,1.0,1.0,0.0,1.0,0,0
451.0,36.0,27.75,3.0,0.0,0.0,1.0,0,0
711.0,24.0,49.5042,0.0,0.0,1.0,0.0,1,0
158.0,30.0,8.05,0.0,1.0,0.0,1.0,0,0
6.0,29.64209269662921,8.4583,0.0,1.0,0.0,1.0,0,0
201.0,28.0,9.5,0.0,1.0,0.0,1.0,0,0
7.0,54.0,51.8625,0.0,0.0,0.0,1.0,0,0
194.0,3.0,26.0,2.0,0.0,0.0,1.0,1,0
383.0,32.0,7.925,0.0,1.0,0.0,1.0,0,0
853.0,9.0,15.2458,2.0,1.0,1.0,0.0,0,0
652.0,18.0,23.0,1.0,0.0,1.0,0.0,1,0
409.0,21.0,7.775,0.0,1.0,0.0,1.0,0,1
301.0,29.64209269662921,7.75,0.0,1.0,1.0,0.0,1,1
327.0,61.0,6.2375,0.0,1.0,0.0,1.0,0,1
254.0,30.0,16.1,1.0,1.0,0.0,1.0,0,1
789.0,1.0,20.575,3.0,1.0,0.0,1.0,1,1
224.0,29.64209269662921,7.8958,0.0,1.0,0.0,1.0,0,1
880.0,56.0,83.1583,1.0,0.0,1.0,0.0,1,1
878.0,19.0,7.8958,0.0,1.0,0.0,1.0,0,1
879.0,29.64209269662921,7.8958,0.0,1.0,0.0,1.0,0,1
49.0,29.64209269662921,21.6792,2.0,1.0,0.0,1.0,0,1
749.0,19.0,53.1,1.0,0.0,0.0,1.0,0,1
556.0,62.0,26.55,0.0,0.0,0.0,1.0,0,1
743.0,21.0,262.375,4.0,0.0,1.0,0.0,1,1
330.0,16.0,57.9792,1.0,0.0,1.0,0.0,1,1
87.0,16.0,34.375,4.0,1.0,0.0,1.0,0,1
442.0,20.0,9.5,0.0,1.0,0.0,1.0,0,1
386.0,18.0,73.5,0.0,0.0,0.0,1.0,0,1
728.0,29.64209269662921,7.7375,0.0,1.0,1.0,0.0,1,1
667.0,25.0,13.0,0.0,0.0,0.0,1.0,0,1
577.0,34.0,13.0,0.0,0.0,1.0,0.0,1,1
288.0,22.0,7.8958,0.0,1.0,0.0,1.0,0,1
155.0,29.64209269662921,7.3125,0.0,1.0,0.0,1.0,0,1
870.0,4.0,11.1333,2.0,1.0,0.0,1.0,1,1
712.0,29.64209269662921,26.55,0.0,0.0,0.0,1.0,0,1
105.0,37.0,7.925,2.0,1.0,0.0,1.0,0,1
485.0,25.0,91.0792,1.0,0.0,0.0,1.0,1,1
243.0,29.0,10.5,0.0,0.0,0.0,1.0,0,1
347.0,40.0,13.0,0.0,0.0,1.0,0.0,1,1
296.0,29.64209269662921,27.7208,0.0,0.0,0.0,1.0,0,1
303.0,19.0,0.0,0.0,1.0,0.0,1.0,0,1
632.0,51.0,7.0542,0.0,1.0,0.0,1.0,0,1
148.0,9.0,34.375,4.0,1.0,1.0,0.0,0,1
227.0,19.0,10.5,0.0,0.0,0.0,1.0,1,1
636.0,28.0,13.0,0.0,0.0,1.0,0.0,1,1
97.0,71.0,34.6542,0.0,0.0,0.0,1.0,0,1
857.0,45.0,164.8667,2.0,0.0,1.0,0.0,1,1
748.0,30.0,13.0,0.0,0.0,1.0,0.0,1,1
882.0,33.0,7.8958,0.0,1.0,0.0,1.0,0,1
112.0,14.5,14.4542,1.0,1.0,1.0,0.0,0,1
263.0,52.0,79.65,2.0,0.0,0.0,1.0,0,1
802.0,31.0,26.25,2.0,0.0,1.0,0.0,1,1
276.0,63.0,77.9583,1.0,0.0,1.0,0.0,1,1
159.0,29.64209269662921,8.6625,0.0,1.0,0.0,1.0,0,1
836.0,39.0,83.1583,2.0,0.0,1.0,0.0,1,1
12.0,58.0,26.55,0.0,0.0,1.0,0.0,1,1
670.0,29.64209269662921,52.0,1.0,0.0,1.0,0.0,1,1
18.0,29.64209269662921,13.0,0.0,0.0,0.0,1.0,1,1
747.0,16.0,20.25,2.0,1.0,0.0,1.0,0,1
551.0,17.0,110.8833,2.0,0.0,0.0,1.0,1,1
100.0,34.0,26.0,1.0,0.0,0.0,1.0,0,1
585.0,29.64209269662921,8.7125,0.0,1.0,0.0,1.0,0,1
319.0,31.0,164.8667,2.0,0.0,1.0,0.0,1,1
280.0,35.0,20.25,2.0,1.0,1.0,0.0,1,1
185.0,4.0,22.025,2.0,1.0,1.0,0.0,1,1
529.0,39.0,7.925,0.0,1.0,0.0,1.0,0,1
203.0,34.0,6.4958,0.0,1.0,0.0,1.0,0,1
223.0,51.0,8.05,0.0,1.0,0.0,1.0,0,1
535.0,30.0,8.6625,0.0,1.0,1.0,0.0,0,1
47.0,29.64209269662921,15.5,1.0,1.0,0.0,1.0,0,1
257.0,29.64209269662921,79.2,0.0,0.0,1.0,0.0,1,1
381.0,42.0,227.525,0.0,0.0,1.0,0.0,1,1
219.0,32.0,76.2917,0.0,0.0,1.0,0.0,1,1
241.0,29.64209269662921,14.4542,1.0,1.0,1.0,0.0,0,1
544.0,32.0,26.0,1.0,0.0,0.0,1.0,1,1
726.0,20.0,8.6625,0.0,1.0,0.0,1.0,0,1
438.0,24.0,18.75,5.0,0.0,1.0,0.0,1,1
310.0,30.0,56.9292,0.0,0.0,1.0,0.0,1,1
847.0,29.64209269662921,69.55,10.0,1.0,0.0,1.0,0,1
568.0,29.0,21.075,4.0,1.0,1.0,0.0,0,1
234.0,5.0,31.3875,6.0,1.0,1.0,0.0,1,1
225.0,38.0,90.0,1.0,0.0,0.0,1.0,1,1
546.0,64.0,26.0,0.0,0.0,0.0,1.0,0,1
706.0,39.0,26.0,0.0,0.0,0.0,1.0,0,1
122.0,29.64209269662921,8.05,0.0,1.0,0.0,1.0,0,1
237.0,44.0,26.0,1.0,0.0,0.0,1.0,0,1
645.0,0.75,19.2583,3.0,1.0,1.0,0.0,1,1
432.0,29.64209269662921,16.1,1.0,1.0,1.0,0.0,1,1
175.0,56.0,30.6958,0.0,0.0,0.0,1.0,0,1
834.0,23.0,7.8542,0.0,1.0,0.0,1.0,0,1
688.0,19.0,10.1708,0.0,1.0,0.0,1.0,0,1
318.0,54.0,14.0,0.0,0.0,0.0,1.0,0,1
37.0,29.64209269662921,7.2292,0.0,1.0,0.0,1.0,1,2
171.0,61.0,33.5,0.0,0.0,0.0,1.0,0,1
362.0,29.0,27.7208,1.0,0.0,0.0,1.0,0,1
406.0,34.0,21.0,1.0,0.0,0.0,1.0,0,1
247.0,25.0,7.775,0.0,1.0,1.0,0.0,0,1
547.0,19.0,26.0,1.0,0.0,1.0,0.0,1,2
750.0,31.0,7.75,0.0,1.0,0.0,1.0,0,1
797.0,49.0,25.9292,0.0,0.0,1.0,0.0,1,2
757.0,28.0,7.7958,0.0,1.0,0.0,1.0,0,1
465.0,29.64209269662921,8.05,0.0,1.0,0.0,1.0,0,1
625.0,21.0,16.1,0.0,1.0,0.0,1.0,0,1
252.0,29.0,10.4625,2.0,1.0,1.0,0.0,0,2
735.0,23.0,13.0,0.0,0.0,0.0,1.0,0,2
871.0,26.0,7.8958,0.0,1.0,0.0,1.0,0,2
14.0,39.0,31.275,6.0,1.0,0.0,1.0,0,2
883.0,22.0,10.5167,0.0,1.0,1.0,0.0,0,2
183.0,9.0,31.3875,6.0,1.0,0.0,1.0,0,2
173.0,1.0,11.1333,2.0,1.0,1.0,0.0,1,2
425.0,18.0,20.2125,2.0,1.0,0.0,1.0,0,2
669.0,43.0,8.05,0.0,1.0,0.0,1.0,0,2
34.0,66.0,10.5,0.0,0.0,0.0,1.0,0,2
543.0,11.0,31.275,6.0,1.0,1.0,0.0,0,2
125.0,54.0,77.2875,1.0,0.0,0.0,1.0,0,2
665.0,20.0,7.925,1.0,1.0,0.0,1.0,1,2
22.0,34.0,13.0,0.0,0.0,0.0,1.0,1,2
405.0,20.0,8.6625,0.0,1.0,1.0,0.0,0,2
293.0,36.0,12.875,0.0,0.0,0.0,1.0,0,2
517.0,34.0,10.5,0.0,0.0,1.0,0.0,1,2
332.0,45.5,28.5,0.0,0.0,0.0,1.0,0,2
452.0,29.64209269662921,19.9667,1.0,1.0,0.0,1.0,0,2
274.0,37.0,29.7,1.0,0.0,0.0,1.0,0,2
230.0,29.64209269662921,25.4667,4.0,1.0,1.0,0.0,0,2
101.0,28.0,7.8958,0.0,1.0,1.0,0.0,0,2
259.0,35.0,512.3292,0.0,0.0,1.0,0.0,1,2
576.0,19.0,14.5,0.0,1.0,0.0,1.0,0,2
66.0,29.64209269662921,15.2458,2.0,1.0,0.0,1.0,1,2
461.0,48.0,26.55,0.0,0.0,0.0,1.0,1,2
758.0,18.0,11.5,0.0,0.0,0.0,1.0,0,2
562.0,40.0,7.8958,0.0,1.0,0.0,1.0,0,2
374.0,22.0,135.6333,0.0,0.0,0.0,1.0,0,2
695.0,60.0,26.55,0.0,0.0,0.0,1.0,0,2
848.0,35.0,7.8958,0.0,1.0,0.0,1.0,0,2
418.0,18.0,13.0,2.0,0.0,1.0,0.0,1,2
509.0,28.0,22.525,0.0,1.0,0.0,1.0,0,2
691.0,31.0,57.0,1.0,0.0,0.0,1.0,1,2
60.0,11.0,46.9,7.0,1.0,0.0,1.0,0,2
359.0,29.64209269662921,7.8792,0.0,1.0,1.0,0.0,1,2
341.0,2.0,26.0,2.0,0.0,0.0,1.0,1,2
115.0,17.0,14.4583,0.0,1.0,1.0,0.0,0,2
560.0,36.0,17.4,1.0,1.0,1.0,0.0,1,2
447.0,13.0,19.5,1.0,0.0,1.0,0.0,1,2
649.0,29.64209269662921,7.55,0.0,1.0,0.0,1.0,0,2
648.0,56.0,35.5,0.0,0.0,0.0,1.0,1,2
514.0,54.0,59.4,1.0,0.0,1.0,0.0,1,2
531.0,2.0,26.0,2.0,0.0,1.0,0.0,1,2
385.0,29.64209269662921,7.8958,0.0,1.0,0.0,1.0,0,2
85.0,17.0,10.5,0.0,0.0,1.0,0.0,1,2
133.0,47.0,14.5,1.0,1.0,1.0,0.0,0,2
715.0,52.0,13.0,0.0,0.0,0.0,1.0,0,2
867.0,27.0,13.8583,1.0,0.0,1.0,0.0,1,2
120.0,2.0,31.275,6.0,1.0,1.0,0.0,0,2
676.0,18.0,7.775,0.0,1.0,0.0,1.0,0,2
44.0,3.0,41.5792,3.0,0.0,1.0,0.0,1,2
512.0,29.64209269662921,8.05,0.0,1.0,0.0,1.0,0,2
808.0,18.0,7.775,0.0,1.0,1.0,0.0,0,2
710.0,29.64209269662921,15.2458,2.0,1.0,0.0,1.0,1,2
41.0,40.0,9.475,1.0,1.0,1.0,0.0,0,2
338.0,41.0,134.5,0.0,0.0,1.0,0.0,1,2
732.0,11.0,18.7875,0.0,1.0,0.0,1.0,0,2
784.0,29.64209269662921,23.45,3.0,1.0,0.0,1.0,0,2
594.0,29.64209269662921,7.75,2.0,1.0,1.0,0.0,0,2
866.0,42.0,13.0,0.0,0.0,1.0,0.0,1,2
633.0,32.0,30.5,0.0,0.0,0.0,1.0,1,2
606.0,36.0,15.55,1.0,1.0,0.0,1.0,0,2
382.0,1.0,15.7417,2.0,1.0,1.0,0.0,1,2
689.0,18.0,7.7958,0.0,1.0,0.0,1.0,0,2
807.0,39.0,0.0,0.0,0.0,0.0,1.0,0,2
268.0,25.0,7.775,1.0,1.0,0.0,1.0,1,2
707.0,45.0,13.5,0.0,0.0,1.0,0.0,1,2
90.0,24.0,8.05,0.0,1.0,0.0,1.0,0,2
721.0,6.0,33.0,1.0,0.0,1.0,0.0,1,2
536.0,7.0,26.25,2.0,0.0,1.0,0.0,1,2
590.0,29.64209269662921,8.05,0.0,1.0,0.0,1.0,0,2
458.0,29.64209269662921,51.8625,1.0,0.0,1.0,0.0,1,2
493.0,55.0,30.5,0.0,0.0,0.0,1.0,0,2
868.0,31.0,50.4958,0.0,0.0,0.0,1.0,0,2
181.0,29.64209269662921,69.55,10.0,1.0,1.0,0.0,0,2
720.0,33.0,7.775,0.0,1.0,0.0,1.0,0,2
872.0,47.0,52.5542,2.0,0.0,1.0,0.0,1,2
162.0,40.0,15.75,0.0,0.0,1.0,0.0,1,2
56.0,29.64209269662921,35.5,0.0,0.0,0.0,1.0,1,3
10.0,14.0,30.0708,1.0,0.0,1.0,0.0,1,3
5.0,35.0,8.05,0.0,1.0,0.0,1.0,0,2
391.0,36.0,120.0,3.0,0.0,0.0,1.0,1,3
433.0,42.0,26.0,1.0,0.0,1.0,0.0,1,3
38.0,21.0,8.05,0.0,1.0,0.0,1.0,0,2
68.0,19.0,8.1583,0.0,1.0,0.0,1.0,0,2
378.0,27.0,211.5,2.0,0.0,0.0,1.0,0,2
313.0,26.0,26.0,2.0,0.0,1.0,0.0,0,2
460.0,29.64209269662921,7.75,0.0,1.0,0.0,1.0,0,2
587.0,47.0,15.0,0.0,0.0,0.0,1.0,0,2
113.0,22.0,8.05,0.0,1.0,0.0,1.0,0,3
731.0,29.0,211.3375,0.0,0.0,1.0,0.0,1,3
668.0,29.64209269662921,7.775,0.0,1.0,0.0,1.0,0,3
317.0,24.0,26.0,1.0,0.0,1.0,0.0,1,3
302.0,29.64209269662921,23.25,2.0,1.0,0.0,1.0,1,3
59.0,5.0,27.75,3.0,0.0,1.0,0.0,1,3
791.0,29.64209269662921,7.75,0.0,1.0,0.0,1.0,0,3
855.0,44.0,26.0,1.0,0.0,1.0,0.0,0,3
778.0,5.0,12.475,0.0,1.0,1.0,0.0,1,3
486.0,29.64209269662921,25.4667,4.0,1.0,1.0,0.0,0,3
787.0,18.0,7.4958,0.0,1.0,1.0,0.0,1,3
484.0,63.0,9.5875,0.0,1.0,1.0,0.0,1,3
864.0,29.64209269662921,69.55,10.0,1.0,1.0,0.0,0,3
613.0,29.64209269662921,15.5,1.0,1.0,1.0,0.0,1,3
316.0,26.0,7.8542,0.0,1.0,1.0,0.0,1,3
582.0,39.0,110.8833,2.0,0.0,1.0,0.0,1,3
542.0,9.0,31.275,6.0,1.0,1.0,0.0,0,3
376.0,29.64209269662921,82.1708,1.0,0.0,1.0,0.0,1,3
342.0,24.0,263.0,5.0,0.0,1.0,0.0,1,3
672.0,31.0,52.0,1.0,0.0,0.0,1.0,0,3
837.0,21.0,8.6625,0.0,1.0,0.0,1.0,0,3
702.0,35.0,26.2875,0.0,0.0,0.0,1.0,1,3
349.0,3.0,15.9,2.0,1.0,0.0,1.0,1,3
424.0,28.0,14.4,2.0,1.0,1.0,0.0,0,3
490.0,9.0,15.9,2.0,1.0,0.0,1.0,1,3
860.0,29.64209269662921,7.2292,0.0,1.0,0.0,1.0,0,3
523.0,29.64209269662921,7.225,0.0,1.0,0.0,1.0,0,3
463.0,47.0,38.5,0.0,0.0,0.0,1.0,0,3
220.0,30.0,10.5,0.0,0.0,0.0,1.0,0,3
472.0,38.0,8.6625,0.0,1.0,0.0,1.0,0,3
27.0,29.64209269662921,7.225,0.0,1.0,0.0,1.0,0,3
858.0,51.0,26.55,0.0,0.0,0.0,1.0,1,3
548.0,29.64209269662921,13.8625,0.0,0.0,0.0,1.0,1,3
356.0,28.0,9.5,0.0,1.0,0.0,1.0,0,3
511.0,29.0,7.75,0.0,1.0,0.0,1.0,1,3
72.0,16.0,46.9,7.0,1.0,1.0,0.0,0,3
821.0,52.0,93.5,2.0,0.0,1.0,0.0,1,3
824.0,27.0,12.475,1.0,1.0,1.0,0.0,1,3
416.0,29.64209269662921,8.05,0.0,1.0,1.0,0.0,0,3
291.0,26.0,78.85,0.0,0.0,1.0,0.0,1,3
779.0,29.64209269662921,7.7375,0.0,1.0,0.0,1.0,0,3
457.0,65.0,26.55,0.0,0.0,0.0,1.0,0,3
862.0,21.0,11.5,1.0,0.0,0.0,1.0,0,3
751.0,4.0,23.0,2.0,0.0,1.0,0.0,1,3
816.0,29.64209269662921,0.0,0.0,0.0,0.0,1.0,0,3
533.0,17.0,7.2292,2.0,1.0,0.0,1.0,0,3
333.0,38.0,153.4625,1.0,0.0,0.0,1.0,0,3
135.0,25.0,13.0,0.0,0.0,0.0,1.0,0,3
581.0,25.0,30.0,2.0,0.0,1.0,0.0,1,3
77.0,29.64209269662921,7.8958,0.0,1.0,0.0,1.0,0,3
467.0,29.64209269662921,0.0,0.0,0.0,0.0,1.0,0,3
372.0,18.0,6.4958,1.0,1.0,0.0,1.0,0,3
86.0,33.0,15.85,3.0,1.0,1.0,0.0,1,3
586.0,18.0,79.65,2.0,0.0,1.0,0.0,1,3
593.0,47.0,7.25,0.0,1.0,0.0,1.0,0,3
275.0,29.64209269662921,7.75,0.0,1.0,1.0,0.0,1,3
448.0,34.0,26.55,0.0,0.0,0.0,1.0,1,3
13.0,20.0,8.05,0.0,1.0,0.0,1.0,0,3
355.0,29.64209269662921,7.225,0.0,1.0,0.0,1.0,0,3
366.0,30.0,7.25,0.0,1.0,0.0,1.0,0,3
626.0,61.0,32.3208,0.0,0.0,0.0,1.0,0,3
75.0,32.0,56.4958,0.0,1.0,0.0,1.0,1,3
11.0,4.0,16.7,2.0,1.0,1.0,0.0,1,3
55.0,65.0,61.9792,1.0,0.0,0.0,1.0,0,3
350.0,42.0,8.6625,0.0,1.0,0.0,1.0,0,3
881.0,25.0,26.0,1.0,0.0,1.0,0.0,1,3
298.0,2.0,151.55,3.0,0.0,1.0,0.0,0,3
628.0,21.0,77.9583,0.0,0.0,1.0,0.0,1,4
631.0,80.0,30.0,0.0,0.0,0.0,1.0,1,4
441.0,45.0,26.25,2.0,0.0,1.0,0.0,1,4
574.0,29.64209269662921,7.75,0.0,1.0,1.0,0.0,1,4
780.0,43.0,211.3375,1.0,0.0,1.0,0.0,1,4
572.0,53.0,51.4792,2.0,0.0,1.0,0.0,1,4
50.0,18.0,17.8,1.0,1.0,1.0,0.0,0,3
565.0,29.64209269662921,8.05,0.0,1.0,1.0,0.0,0,3
114.0,20.0,9.825,1.0,1.0,1.0,0.0,0,3
422.0,21.0,7.7333,0.0,1.0,0.0,1.0,0,3
269.0,58.0,153.4625,1.0,0.0,1.0,0.0,1,4
558.0,29.64209269662921,227.525,0.0,0.0,0.0,1.0,0,3
320.0,40.0,134.5,2.0,0.0,1.0,0.0,1,4
705.0,26.0,7.8542,1.0,1.0,0.0,1.0,0,3
407.0,51.0,7.75,0.0,1.0,0.0,1.0,0,3
343.0,28.0,13.0,0.0,0.0,0.0,1.0,0,3
479.0,22.0,7.5208,0.0,1.0,0.0,1.0,0,3
481.0,9.0,46.9,7.0,1.0,0.0,1.0,0,3
392.0,21.0,7.7958,0.0,1.0,0.0,1.0,1,4
480.0,2.0,12.2875,1.0,1.0,1.0,0.0,1,4
733.0,29.64209269662921,0.0,0.0,0.0,0.0,1.0,0,3
226.0,22.0,9.35,0.0,1.0,0.0,1.0,0,3
764.0,36.0,120.0,3.0,0.0,1.0,0.0,1,4
800.0,30.0,24.15,2.0,1.0,1.0,0.0,0,3
539.0,29.64209269662921,14.5,0.0,1.0,0.0,1.0,0,3
412.0,29.64209269662921,6.8583,0.0,1.0,0.0,1.0,0,3
215.0,29.64209269662921,7.75,1.0,1.0,0.0,1.0,0,3
144.0,19.0,6.75,0.0,1.0,0.0,1.0,0,3
657.0,29.64209269662921,7.8958,0.0,1.0,0.0,1.0,0,3
675.0,29.64209269662921,0.0,0.0,0.0,0.0,1.0,0,4
687.0,14.0,39.6875,5.0,1.0,0.0,1.0,0,4
788.0,8.0,29.125,5.0,1.0,0.0,1.0,0,4
73.0,21.0,73.5,0.0,0.0,0.0,1.0,0,4
216.0,31.0,113.275,1.0,0.0,1.0,0.0,1,4
608.0,27.0,30.5,0.0,0.0,0.0,1.0,1,4
506.0,18.0,108.9,1.0,0.0,0.0,1.0,0,4
579.0,29.64209269662921,14.4583,1.0,1.0,1.0,0.0,0,4
646.0,48.0,76.7292,1.0,0.0,0.0,1.0,1,4
305.0,29.64209269662921,8.05,0.0,1.0,0.0,1.0,0,4
483.0,50.0,8.05,0.0,1.0,0.0,1.0,0,4
191.0,32.0,13.0,0.0,0.0,1.0,0.0,1,4
154.0,40.5,14.5,2.0,1.0,0.0,1.0,0,4
51.0,7.0,39.6875,5.0,1.0,0.0,1.0,0,4
795.0,25.0,7.8958,0.0,1.0,0.0,1.0,0,4
71.0,32.0,10.5,0.0,0.0,0.0,1.0,0,4
270.0,35.0,135.6333,0.0,0.0,1.0,0.0,1,4
202.0,29.64209269662921,69.55,10.0,1.0,0.0,1.0,0,4
168.0,45.0,27.9,5.0,1.0,1.0,0.0,0,4
647.0,19.0,7.8958,0.0,1.0,0.0,1.0,0,4
740.0,29.64209269662921,7.8958,0.0,1.0,0.0,1.0,0,4
814.0,6.0,31.275,6.0,1.0,1.0,0.0,0,4
596.0,36.0,24.15,2.0,1.0,0.0,1.0,0,4
258.0,30.0,86.5,0.0,0.0,1.0,0.0,1,4
500.0,24.0,7.7958,0.0,1.0,0.0,1.0,0,4
299.0,29.64209269662921,30.5,0.0,0.0,0.0,1.0,1,4
198.0,42.0,8.4042,1.0,1.0,0.0,1.0,0,4
839.0,32.0,56.4958,0.0,1.0,0.0,1.0,1,4
348.0,29.64209269662921,16.1,1.0,1.0,1.0,0.0,1,4
727.0,30.0,21.0,3.0,0.0,1.0,0.0,1,4
494.0,71.0,49.5042,0.0,0.0,0.0,1.0,0,4
93.0,46.0,61.175,1.0,0.0,0.0,1.0,0,4
617.0,34.0,14.4,2.0,1.0,0.0,1.0,0,4
803.0,11.0,120.0,3.0,0.0,0.0,1.0,1,4
325.0,29.64209269662921,69.55,10.0,1.0,0.0,1.0,0,4
621.0,27.0,14.4542,1.0,1.0,0.0,1.0,0,4
828.0,1.0,37.0042,2.0,0.0,0.0,1.0,1,4
677.0,24.5,8.05,0.0,1.0,0.0,1.0,0,4
653.0,21.0,8.4333,0.0,1.0,0.0,1.0,0,4
571.0,62.0,10.5,0.0,0.0,0.0,1.0,1,4
182.0,29.64209269662921,15.05,0.0,0.0,0.0,1.0,0,4
614.0,29.64209269662921,7.75,0.0,1.0,0.0,1.0,0,4
624.0,21.0,7.8542,0.0,1.0,0.0,1.0,0,4
679.0,43.0,46.9,7.0,1.0,1.0,0.0,0,4
809.0,39.0,13.0,0.0,0.0,0.0,1.0,0,4
759.0,34.0,8.05,0.0,1.0,0.0,1.0,0,4
692.0,4.0,13.4167,1.0,1.0,1.0,0.0,1,4
580.0,32.0,7.925,0.0,1.0,0.0,1.0,1,4
854.0,16.0,39.4,1.0,0.0,1.0,0.0,1,4
207.0,32.0,15.85,1.0,1.0,0.0,1.0,0,4
771.0,24.0,9.5,0.0,1.0,0.0,1.0,0,4
326.0,36.0,135.6333,0.0,0.0,1.0,0.0,1,4
48.0,29.64209269662921,7.75,0.0,1.0,1.0,0.0,1,4
575.0,16.0,8.05,0.0,1.0,0.0,1.0,0,4
284.0,19.0,8.05,0.0,1.0,0.0,1.0,1,4
487.0,35.0,90.0,1.0,0.0,1.0,0.0,1,4
819.0,43.0,6.45,0.0,1.0,0.0,1.0,0,4
651.0,29.64209269662921,7.8958,0.0,1.0,0.0,1.0,0,4
683.0,20.0,9.225,0.0,1.0,0.0,1.0,0,4
129.0,29.64209269662921,22.3583,2.0,1.0,1.0,0.0,1,4
734.0,23.0,13.0,0.0,0.0,0.0,1.0,0,4
214.0,30.0,13.0,0.0,0.0,0.0,1.0,0,4
163.0,26.0,7.775,0.0,1.0,0.0,1.0,0,4
815.0,30.5,8.05,0.0,1.0,0.0,1.0,0,4
519.0,36.0,26.0,1.0,0.0,1.0,0.0,1,4
524.0,44.0,57.9792,1.0,0.0,1.0,0.0,1,4
2.0,38.0,71.2833,1.0,0.0,1.0,0.0,1,5
393.0,28.0,7.925,2.0,1.0,0.0,1.0,0,4
856.0,18.0,9.35,1.0,1.0,1.0,0.0,1,5
358.0,38.0,13.0,0.0,0.0,1.0,0.0,0,4
176.0,18.0,7.8542,2.0,1.0,0.0,1.0,0,4
150.0,42.0,13.0,0.0,0.0,0.0,1.0,0,4
377.0,22.0,7.25,0.0,1.0,1.0,0.0,1,5
236.0,29.64209269662921,7.55,0.0,1.0,1.0,0.0,0,4
656.0,24.0,73.5,2.0,0.0,0.0,1.0,0,4
390.0,17.0,12.0,0.0,0.0,1.0,0.0,1,5
328.0,36.0,13.0,0.0,0.0,1.0,0.0,1,5
190.0,36.0,7.8958,0.0,1.0,0.0,1.0,0,4
431.0,28.0,26.55,0.0,0.0,0.0,1.0,1,5
172.0,4.0,29.125,5.0,1.0,0.0,1.0,0,4
685.0,60.0,39.0,2.0,0.0,0.0,1.0,0,4
160.0,29.64209269662921,69.55,10.0,1.0,0.0,1.0,0,4
271.0,29.64209269662921,31.0,0.0,0.0,0.0,1.0,0,4
469.0,29.64209269662921,7.725,0.0,1.0,0.0,1.0,0,4
244.0,22.0,7.125,0.0,1.0,0.0,1.0,0,5
217.0,27.0,7.925,0.0,1.0,1.0,0.0,1,5
403.0,21.0,9.825,1.0,1.0,1.0,0.0,0,5
146.0,19.0,36.75,2.0,0.0,0.0,1.0,0,5
873.0,33.0,5.0,0.0,0.0,0.0,1.0,0,5
826.0,29.64209269662921,6.95,0.0,1.0,0.0,1.0,0,5
491.0,29.64209269662921,19.9667,1.0,1.0,0.0,1.0,0,5
367.0,60.0,75.25,1.0,0.0,1.0,0.0,1,5
42.0,27.0,21.0,1.0,0.0,1.0,0.0,0,5
476.0,29.64209269662921,52.0,0.0,0.0,0.0,1.0,0,5
561.0,29.64209269662921,7.75,0.0,1.0,0.0,1.0,0,5
231.0,35.0,83.475,1.0,0.0,1.0,0.0,1,5
295.0,24.0,7.8958,0.0,1.0,0.0,1.0,0,5
508.0,29.64209269662921,26.55,0.0,0.0,0.0,1.0,1,5
419.0,30.0,13.0,0.0,0.0,0.0,1.0,0,5
538.0,30.0,106.425,0.0,0.0,1.0,0.0,1,5
248.0,24.0,14.5,2.0,0.0,1.0,0.0,1,5
612.0,29.64209269662921,7.05,0.0,1.0,0.0,1.0,0,5
798.0,31.0,8.6833,0.0,1.0,1.0,0.0,1,5
504.0,37.0,9.5875,0.0,1.0,1.0,0.0,0,5
694.0,25.0,7.225,0.0,1.0,0.0,1.0,0,5
79.0,0.83,29.0,2.0,0.0,0.0,1.0,1,5
527.0,50.0,10.5,0.0,0.0,1.0,0.0,1,5
478.0,29.0,7.0458,1.0,1.0,0.0,1.0,0,5
554.0,22.0,7.225,0.0,1.0,0.0,1.0,1,5
398.0,46.0,26.0,0.0,0.0,0.0,1.0,0,5
286.0,33.0,8.6625,0.0,1.0,0.0,1.0,0,5
164.0,17.0,8.6625,0.0,1.0,0.0,1.0,0,5
212.0,35.0,21.0,0.0,0.0,1.0,0.0,1,5
756.0,0.67,14.5,2.0,0.0,0.0,1.0,1,5
805.0,27.0,6.975,0.0,1.0,0.0,1.0,1,5
729.0,25.0,26.0,1.0,0.0,0.0,1.0,0,5
783.0,29.0,30.0,0.0,0.0,0.0,1.0,0,5
767.0,29.64209269662921,39.6,0.0,0.0,0.0,1.0,0,5
395.0,24.0,16.7,2.0,1.0,1.0,0.0,1,5
589.0,22.0,8.05,0.0,1.0,0.0,1.0,0,5
410.0,29.64209269662921,25.4667,4.0,1.0,1.0,0.0,0,5
294.0,24.0,8.85,0.0,1.0,1.0,0.0,0,5
246.0,44.0,90.0,2.0,0.0,0.0,1.0,0,5
615.0,35.0,8.05,0.0,1.0,0.0,1.0,0,5
189.0,40.0,15.5,2.0,1.0,0.0,1.0,0,5
380.0,19.0,7.775,0.0,1.0,0.0,1.0,0,5
204.0,45.5,7.225,0.0,1.0,0.0,1.0,0,5
394.0,23.0,113.275,1.0,0.0,1.0,0.0,1,5
218.0,42.0,27.0,1.0,0.0,0.0,1.0,0,5
851.0,4.0,31.275,6.0,1.0,0.0,1.0,0,5
664.0,36.0,7.4958,0.0,1.0,0.0,1.0,0,5
704.0,25.0,7.7417,0.0,1.0,0.0,1.0,0,5
119.0,24.0,247.5208,1.0,0.0,0.0,1.0,0,5
397.0,31.0,7.8542,0.0,1.0,1.0,0.0,0,5
600.0,49.0,56.9292,1.0,0.0,0.0,1.0,1,5
443.0,25.0,7.775,1.0,1.0,0.0,1.0,0,5
786.0,25.0,7.25,0.0,1.0,0.0,1.0,0,5
603.0,29.64209269662921,42.4,0.0,0.0,0.0,1.0,0,5
618.0,26.0,16.1,1.0,1.0,1.0,0.0,0,5
661.0,50.0,133.65,2.0,0.0,0.0,1.0,1,5
336.0,29.64209269662921,7.8958,0.0,1.0,0.0,1.0,0,5
505.0,16.0,86.5,0.0,0.0,1.0,0.0,1,5
111.0,47.0,52.0,0.0,0.0,0.0,1.0,0,5
430.0,32.0,8.05,0.0,1.0,0.0,1.0,1,5
195.0,44.0,27.7208,0.0,0.0,1.0,0.0,1,5
611.0,39.0,31.275,6.0,1.0,1.0,0.0,0,5
701.0,18.0,227.525,1.0,0.0,1.0,0.0,1,5
52.0,21.0,7.8,0.0,1.0,0.0,1.0,0,5
534.0,29.64209269662921,22.3583,2.0,1.0,1.0,0.0,1,5
693.0,29.64209269662921,56.4958,0.0,1.0,0.0,1.0,1,5
242.0,29.64209269662921,15.5,1.0,1.0,1.0,0.0,1,5
266.0,36.0,10.5,0.0,0.0,0.0,1.0,0,5
724.0,50.0,13.0,0.0,0.0,0.0,1.0,0,5
197.0,29.64209269662921,7.75,0.0,1.0,0.0,1.0,0,5
132.0,20.0,7.05,0.0,1.0,0.0,1.0,0,5
188.0,45.0,26.55,0.0,0.0,0.0,1.0,1,5
167.0,29.64209269662921,55.0,1.0,0.0,1.0,0.0,1,5
832.0,0.83,18.75,2.0,0.0,0.0,1.0,1,5
16.0,55.0,16.0,0.0,0.0,1.0,0.0,1,5
427.0,28.0,26.0,1.0,0.0,1.0,0.0,1,6
265.0,29.64209269662921,7.75,0.0,1.0,1.0,0.0,0,5
455.0,29.64209269662921,8.05,0.0,1.0,0.0,1.0,0,5
151.0,51.0,12.525,0.0,0.0,0.0,1.0,0,5
420.0,10.0,24.15,2.0,1.0,1.0,0.0,0,5
404.0,28.0,15.85,1.0,1.0,0.0,1.0,0,5
304.0,29.64209269662921,12.35,0.0,0.0,1.0,0.0,1,6
103.0,21.0,77.2875,1.0,0.0,0.0,1.0,0,5
635.0,9.0,27.9,5.0,1.0,1.0,0.0,0,5
516.0,47.0,34.0208,0.0,0.0,0.0,1.0,0,5
33.0,29.64209269662921,7.75,0.0,1.0,1.0,0.0,1,6
730.0,25.0,7.925,1.0,1.0,1.0,0.0,0,6
616.0,24.0,65.0,3.0,0.0,1.0,0.0,1,6
718.0,27.0,10.5,0.0,0.0,1.0,0.0,1,6
429.0,29.64209269662921,7.75,0.0,1.0,0.0,1.0,0,6
501.0,17.0,8.6625,0.0,1.0,0.0,1.0,0,6
725.0,27.0,53.1,1.0,0.0,0.0,1.0,1,6
891.0,32.0,7.75,0.0,1.0,0.0,1.0,0,6
250.0,54.0,26.0,1.0,0.0,0.0,1.0,0,6
285.0,29.64209269662921,26.0,0.0,0.0,0.0,1.0,0,6
499.0,25.0,151.55,3.0,0.0,1.0,0.0,0,6
884.0,28.0,10.5,0.0,0.0,0.0,1.0,0,6
69.0,17.0,7.925,6.0,1.0,1.0,0.0,1,6
437.0,21.0,34.375,4.0,1.0,1.0,0.0,0,6
766.0,51.0,77.9583,1.0,0.0,1.0,0.0,1,6
300.0,50.0,247.5208,1.0,0.0,1.0,0.0,1,6
552.0,27.0,26.0,0.0,0.0,0.0,1.0,0,6
128.0,24.0,7.1417,0.0,1.0,0.0,1.0,1,6
65.0,29.64209269662921,27.7208,0.0,0.0,0.0,1.0,0,6
607.0,30.0,7.8958,0.0,1.0,0.0,1.0,0,6
723.0,34.0,13.0,0.0,0.0,0.0,1.0,0,6
637.0,32.0,7.925,0.0,1.0,0.0,1.0,0,6
700.0,42.0,7.65,0.0,1.0,0.0,1.0,0,6
110.0,29.64209269662921,24.15,1.0,1.0,1.0,0.0,1,6
793.0,29.64209269662921,69.55,10.0,1.0,1.0,0.0,0,6
108.0,29.64209269662921,7.775,0.0,1.0,0.0,1.0,1,6
719.0,29.64209269662921,15.5,0.0,1.0,0.0,1.0,0,6
610.0,40.0,153.4625,0.0,0.0,1.0,0.0,1,6
844.0,34.5,6.4375,0.0,1.0,0.0,1.0,0,6
357.0,22.0,55.0,1.0,0.0,1.0,0.0,1,6
566.0,24.0,24.15,2.0,1.0,0.0,1.0,0,6
161.0,44.0,16.1,1.0,1.0,0.0,1.0,0,6
658.0,32.0,15.5,2.0,1.0,1.0,0.0,0,6
314.0,28.0,7.8958,0.0,1.0,0.0,1.0,0,6
850.0,29.64209269662921,89.1042,1.0,0.0,1.0,0.0,1,6
489.0,30.0,8.05,0.0,1.0,0.0,1.0,0,6
109.0,38.0,7.8958,0.0,1.0,0.0,1.0,0,6
865.0,24.0,13.0,0.0,0.0,0.0,1.0,0,6
829.0,29.64209269662921,7.75,0.0,1.0,0.0,1.0,1,6
289.0,42.0,13.0,0.0,0.0,0.0,1.0,1,6
240.0,33.0,12.275,0.0,0.0,0.0,1.0,0,6
92.0,20.0,7.8542,0.0,1.0,0.0,1.0,0,6
498.0,29.64209269662921,15.1,0.0,1.0,0.0,1.0,0,6
473.0,33.0,27.75,3.0,0.0,1.0,0.0,1,6
95.0,59.0,7.25,0.0,1.0,0.0,1.0,0,6
251.0,29.64209269662921,7.25,0.0,1.0,0.0,1.0,0,6
775.0,54.0,23.0,4.0,0.0,1.0,0.0,1,6
522.0,22.0,7.8958,0.0,1.0,0.0,1.0,0,6
471.0,29.64209269662921,7.25,0.0,1.0,0.0,1.0,0,6
400.0,28.0,12.65,0.0,0.0,1.0,0.0,1,6
136.0,23.0,15.0458,0.0,0.0,0.0,1.0,0,6
663.0,47.0,25.5875,0.0,0.0,0.0,1.0,0,6
192.0,19.0,13.0,0.0,0.0,0.0,1.0,0,6
846.0,42.0,7.55,0.0,1.0,0.0,1.0,0,6
179.0,30.0,13.0,0.0,0.0,0.0,1.0,0,6
88.0,29.64209269662921,8.05,0.0,1.0,0.0,1.0,0,6
141.0,29.64209269662921,15.2458,2.0,1.0,1.0,0.0,0,6
281.0,65.0,7.75,0.0,1.0,0.0,1.0,0,6
761.0,29.64209269662921,14.5,0.0,1.0,0.0,1.0,0,6
738.0,35.0,512.3292,0.0,0.0,0.0,1.0,1,6
145.0,18.0,11.5,0.0,0.0,0.0,1.0,0,6
811.0,26.0,7.8875,0.0,1.0,0.0,1.0,0,6
698.0,29.64209269662921,7.7333,0.0,1.0,1.0,0.0,1,6
80.0,30.0,12.475,0.0,1.0,1.0,0.0,1,6
434.0,17.0,7.125,0.0,1.0,0.0,1.0,0,6
515.0,24.0,7.4958,0.0,1.0,0.0,1.0,0,6
713.0,48.0,52.0,1.0,0.0,0.0,1.0,1,6
309.0,30.0,24.0,1.0,0.0,0.0,1.0,0,6
827.0,29.64209269662921,56.4958,0.0,1.0,0.0,1.0,0,6
40.0,14.0,11.2417,1.0,1.0,1.0,0.0,1,6
283.0,16.0,9.5,0.0,1.0,0.0,1.0,0,6
229.0,18.0,13.0,0.0,0.0,0.0,1.0,0,6
267.0,16.0,39.6875,5.0,1.0,0.0,1.0,0,6
4.0,35.0,53.1,1.0,0.0,1.0,0.0,1,6
61.0,22.0,7.2292,0.0,1.0,0.0,1.0,0,6
39.0,18.0,18.0,2.0,1.0,1.0,0.0,0,6
200.0,24.0,13.0,0.0,0.0,1.0,0.0,0,6
169.0,29.64209269662921,25.925,0.0,0.0,0.0,1.0,0,6
423.0,29.0,7.875,0.0,1.0,0.0,1.0,0,6
361.0,40.0,27.9,5.0,1.0,0.0,1.0,0,7
253.0,62.0,26.55,0.0,0.0,0.0,1.0,0,7
339.0,45.0,8.05,0.0,1.0,0.0,1.0,1,6
564.0,29.64209269662921,8.05,0.0,1.0,0.0,1.0,0,7
89.0,23.0,263.0,5.0,0.0,1.0,0.0,1,6
102.0,29.64209269662921,7.8958,0.0,1.0,0.0,1.0,0,7
337.0,29.0,66.6,1.0,0.0,0.0,1.0,0,7
569.0,29.64209269662921,7.2292,0.0,1.0,0.0,1.0,0,7
340.0,45.0,35.5,0.0,0.0,0.0,1.0,0,7
210.0,40.0,31.0,0.0,0.0,0.0,1.0,1,6
555.0,22.0,7.775,0.0,1.0,1.0,0.0,1,6
801.0,34.0,13.0,0.0,0.0,0.0,1.0,0,7
520.0,32.0,7.8958,0.0,1.0,0.0,1.0,0,7
462.0,34.0,8.05,0.0,1.0,0.0,1.0,0,7
863.0,48.0,25.9292,0.0,0.0,1.0,0.0,1,6
19.0,31.0,18.0,1.0,1.0,1.0,0.0,0,7
639.0,41.0,39.6875,5.0,1.0,1.0,0.0,0,7
813.0,35.0,10.5,0.0,0.0,0.0,1.0,0,7
842.0,16.0,10.5,0.0,0.0,0.0,1.0,0,7
825.0,2.0,39.6875,5.0,1.0,0.0,1.0,0,7
745.0,31.0,7.925,0.0,1.0,0.0,1.0,1,6
545.0,50.0,106.425,1.0,0.0,0.0,1.0,0,7
570.0,32.0,7.8542,0.0,1.0,0.0,1.0,1,6
605.0,35.0,26.55,0.0,0.0,0.0,1.0,1,6
450.0,52.0,30.5,0.0,0.0,0.0,1.0,1,7
64.0,4.0,27.9,5.0,1.0,0.0,1.0,0,7
238.0,8.0,26.25,2.0,0.0,1.0,0.0,1,7
553.0,29.64209269662921,7.8292,0.0,1.0,0.0,1.0,0,7
746.0,70.0,71.0,2.0,0.0,0.0,1.0,0,7
345.0,36.0,13.0,0.0,0.0,0.0,1.0,0,7
346.0,24.0,13.0,0.0,0.0,1.0,0.0,1,7
763.0,20.0,7.2292,0.0,1.0,0.0,1.0,1,7
96.0,29.64209269662921,8.05,0.0,1.0,0.0,1.0,0,7
426.0,29.64209269662921,7.25,0.0,1.0,0.0,1.0,0,7
29.0,29.64209269662921,7.8792,0.0,1.0,1.0,0.0,1,7
563.0,28.0,13.5,0.0,0.0,0.0,1.0,0,7
445.0,29.64209269662921,8.1125,0.0,1.0,0.0,1.0,1,7
116.0,21.0,7.925,0.0,1.0,0.0,1.0,0,7
124.0,32.5,13.0,0.0,0.0,1.0,0.0,1,7
609.0,22.0,41.5792,3.0,0.0,1.0,0.0,1,7
54.0,29.0,26.0,1.0,0.0,1.0,0.0,1,7
436.0,14.0,120.0,3.0,0.0,1.0,0.0,1,7
678.0,18.0,9.8417,0.0,1.0,1.0,0.0,1,7
760.0,33.0,86.5,0.0,0.0,1.0,0.0,1,7
17.0,2.0,29.125,5.0,1.0,0.0,1.0,0,7
634.0,29.64209269662921,0.0,0.0,0.0,0.0,1.0,0,7
818.0,31.0,37.0042,2.0,0.0,0.0,1.0,0,7
36.0,42.0,52.0,1.0,0.0,0.0,1.0,0,7
459.0,50.0,10.5,0.0,0.0,1.0,0.0,1,7
323.0,30.0,12.35,0.0,0.0,1.0,0.0,1,7
722.0,17.0,7.0542,1.0,1.0,0.0,1.0,0,7
540.0,22.0,49.5,2.0,0.0,1.0,0.0,1,7
308.0,17.0,108.9,1.0,0.0,1.0,0.0,1,7
642.0,24.0,69.3,0.0,0.0,1.0,0.0,1,7
497.0,54.0,78.2667,1.0,0.0,1.0,0.0,1,7
549.0,33.0,20.525,2.0,1.0,0.0,1.0,0,7
239.0,19.0,10.5,0.0,0.0,0.0,1.0,0,7
21.0,35.0,26.0,0.0,0.0,0.0,1.0,0,7
147.0,27.0,7.7958,0.0,1.0,0.0,1.0,1,7
468.0,56.0,26.55,0.0,0.0,0.0,1.0,0,7
770.0,32.0,8.3625,0.0,1.0,0.0,1.0,0,7
399.0,23.0,10.5,0.0,0.0,0.0,1.0,0,7
650.0,23.0,7.55,0.0,1.0,1.0,0.0,1,7
107.0,21.0,7.65,0.0,1.0,1.0,0.0,1,7
261.0,29.64209269662921,7.75,0.0,1.0,0.0,1.0,0,7
456.0,29.0,7.8958,0.0,1.0,0.0,1.0,1,7
861.0,41.0,14.1083,2.0,1.0,0.0,1.0,0,7
307.0,29.64209269662921,110.8833,0.0,0.0,1.0,0.0,1,7
741.0,29.64209269662921,30.0,0.0,0.0,0.0,1.0,1,7
415.0,44.0,7.925,0.0,1.0,0.0,1.0,1,7
408.0,3.0,18.75,2.0,0.0,0.0,1.0,1,7
714.0,29.0,9.4833,0.0,1.0,0.0,1.0,0,7
573.0,36.0,26.3875,0.0,0.0,0.0,1.0,1,7
859.0,24.0,19.2583,3.0,1.0,1.0,0.0,1,7
673.0,70.0,10.5,0.0,0.0,0.0,1.0,0,7
671.0,40.0,39.0,2.0,0.0,1.0,0.0,1,7
889.0,29.64209269662921,23.45,3.0,1.0,1.0,0.0,0,7
306.0,0.92,151.55,3.0,0.0,0.0,1.0,1,7
772.0,48.0,7.8542,0.0,1.0,0.0,1.0,0,7
184.0,1.0,39.0,3.0,0.0,0.0,1.0,1,7
334.0,16.0,18.0,2.0,1.0,0.0,1.0,0,7
769.0,29.64209269662921,24.15,1.0,1.0,0.0,1.0,0,7
321.0,22.0,7.25,0.0,1.0,0.0,1.0,0,7
890.0,26.0,30.0,0.0,0.0,0.0,1.0,1,7
221.0,16.0,8.05,0.0,1.0,0.0,1.0,1,7
373.0,19.0,8.05,0.0,1.0,0.0,1.0,0,7
232.0,29.0,7.775,0.0,1.0,0.0,1.0,0,7
256.0,29.0,15.2458,2.0,1.0,1.0,0.0,1,7
503.0,29.64209269662921,7.6292,0.0,1.0,1.0,0.0,0,7
708.0,42.0,26.2875,0.0,0.0,0.0,1.0,1,8
681.0,29.64209269662921,8.1375,0.0,1.0,1.0,0.0,0,7
368.0,29.64209269662921,7.2292,0.0,1.0,1.0,0.0,1,8
331.0,29.64209269662921,23.25,2.0,1.0,1.0,0.0,1,8
106.0,28.0,7.8958,0.0,1.0,0.0,1.0,0,7
130.0,45.0,6.975,0.0,1.0,0.0,1.0,0,7
43.0,29.64209269662921,7.8958,0.0,1.0,0.0,1.0,0,7
402.0,26.0,8.05,0.0,1.0,0.0,1.0,0,7
156.0,51.0,61.3792,1.0,0.0,0.0,1.0,0,7
699.0,49.0,110.8833,2.0,0.0,0.0,1.0,0,7
502.0,21.0,7.75,0.0,1.0,1.0,0.0,0,7
537.0,45.0,26.55,0.0,0.0,0.0,1.0,0,8
641.0,20.0,7.8542,0.0,1.0,0.0,1.0,0,8
311.0,24.0,83.1583,0.0,0.0,1.0,0.0,1,8
737.0,48.0,34.375,4.0,1.0,1.0,0.0,0,8
140.0,24.0,79.2,0.0,0.0,0.0,1.0,0,8
370.0,24.0,69.3,0.0,0.0,1.0,0.0,1,8
388.0,36.0,13.0,0.0,0.0,1.0,0.0,1,8
753.0,33.0,9.5,0.0,1.0,0.0,1.0,0,8
83.0,29.64209269662921,7.7875,0.0,1.0,1.0,0.0,1,8
762.0,41.0,7.125,0.0,1.0,0.0,1.0,0,8
886.0,39.0,29.125,5.0,1.0,1.0,0.0,0,8
292.0,19.0,91.0792,1.0,0.0,1.0,0.0,1,8
387.0,1.0,46.9,7.0,1.0,0.0,1.0,0,8
138.0,37.0,53.1,1.0,0.0,0.0,1.0,0,8
716.0,19.0,7.65,0.0,1.0,0.0,1.0,0,8
417.0,34.0,32.5,2.0,0.0,1.0,0.0,1,8
170.0,28.0,56.4958,0.0,1.0,0.0,1.0,0,8
588.0,60.0,79.2,2.0,0.0,0.0,1.0,1,8
838.0,29.64209269662921,8.05,0.0,1.0,0.0,1.0,0,8
629.0,26.0,7.8958,0.0,1.0,0.0,1.0,0,8
278.0,29.64209269662921,0.0,0.0,0.0,0.0,1.0,0,8
193.0,19.0,7.8542,1.0,1.0,1.0,0.0,1,8
528.0,29.64209269662921,221.7792,0.0,0.0,0.0,1.0,0,8
877.0,20.0,9.8458,0.0,1.0,0.0,1.0,0,8
620.0,26.0,10.5,0.0,0.0,0.0,1.0,0,8
598.0,49.0,0.0,0.0,1.0,0.0,1.0,0,8
440.0,31.0,10.5,0.0,0.0,0.0,1.0,0,8
584.0,36.0,40.125,0.0,0.0,0.0,1.0,0,8
245.0,30.0,7.225,0.0,1.0,0.0,1.0,0,8
444.0,28.0,13.0,0.0,0.0,1.0,0.0,1,8
717.0,38.0,227.525,0.0,0.0,1.0,0.0,1,8
659.0,23.0,13.0,0.0,0.0,0.0,1.0,0,8
335.0,29.64209269662921,133.65,1.0,0.0,1.0,0.0,1,8
496.0,29.64209269662921,14.4583,0.0,1.0,0.0,1.0,0,8
235.0,24.0,10.5,0.0,0.0,0.0,1.0,0,8
222.0,27.0,13.0,0.0,0.0,0.0,1.0,0,8
262.0,3.0,31.3875,6.0,1.0,0.0,1.0,1,8
25.0,8.0,21.075,4.0,1.0,1.0,0.0,0,8
312.0,18.0,262.375,4.0,0.0,1.0,0.0,1,8
709.0,22.0,151.55,0.0,0.0,1.0,0.0,1,8
28.0,19.0,263.0,5.0,0.0,0.0,1.0,0,8
57.0,21.0,10.5,0.0,0.0,1.0,0.0,1,8
329.0,31.0,20.525,2.0,1.0,1.0,0.0,1,8
470.0,0.75,19.2583,3.0,1.0,1.0,0.0,1,8
149.0,36.5,26.0,2.0,0.0,0.0,1.0,0,8
806.0,31.0,7.775,0.0,1.0,0.0,1.0,0,8
874.0,47.0,9.0,0.0,1.0,0.0,1.0,0,8
550.0,8.0,36.75,2.0,0.0,0.0,1.0,1,8
782.0,17.0,57.0,1.0,0.0,1.0,0.0,1,8
774.0,29.64209269662921,7.225,0.0,1.0,0.0,1.0,0,8
623.0,20.0,15.7417,2.0,1.0,0.0,1.0,1,8
143.0,24.0,15.85,1.0,1.0,1.0,0.0,1,8
104.0,33.0,8.6542,0.0,1.0,0.0,1.0,0,8
823.0,38.0,0.0,0.0,0.0,0.0,1.0,0,8
686.0,25.0,41.5792,3.0,0.0,0.0,1.0,0,8
812.0,39.0,24.15,0.0,1.0,0.0,1.0,0,8
352.0,29.64209269662921,35.0,0.0,0.0,0.0,1.0,0,8
206.0,2.0,10.4625,1.0,1.0,1.0,0.0,0,8
117.0,70.5,7.75,0.0,1.0,0.0,1.0,0,8
371.0,25.0,55.4417,1.0,0.0,0.0,1.0,1,8
233.0,59.0,13.5,0.0,0.0,0.0,1.0,0,8
541.0,36.0,71.0,2.0,0.0,1.0,0.0,1,8
126.0,12.0,11.2417,1.0,1.0,0.0,1.0,1,8
435.0,50.0,55.9,1.0,0.0,0.0,1.0,0,8
591.0,35.0,7.125,0.0,1.0,0.0,1.0,0,8
290.0,22.0,7.75,0.0,1.0,1.0,0.0,1,8
205.0,18.0,8.05,0.0,1.0,0.0,1.0,1,8
260.0,50.0,26.0,1.0,0.0,1.0,0.0,1,8
45.0,19.0,7.8792,0.0,1.0,1.0,0.0,1,8
684.0,14.0,46.9,7.0,1.0,0.0,1.0,0,8
180.0,36.0,0.0,0.0,1.0,0.0,1.0,0,8
696.0,52.0,13.5,0.0,0.0,0.0,1.0,0,8
131.0,33.0,7.8958,0.0,1.0,0.0,1.0,0,8
703.0,18.0,14.4542,1.0,1.0,1.0,0.0,0,8
627.0,57.0,12.35,0.0,0.0,0.0,1.0,0,8
272.0,25.0,0.0,0.0,1.0,0.0,1.0,1,8
375.0,3.0,21.075,4.0,1.0,1.0,0.0,0,8
453.0,30.0,27.75,0.0,0.0,0.0,1.0,0,8
46.0,29.64209269662921,8.05,0.0,1.0,0.0,1.0,0,8
401.0,39.0,7.925,0.0,1.0,0.0,1.0,1,8
211.0,24.0,7.05,0.0,1.0,0.0,1.0,0,8
833.0,29.64209269662921,7.2292,0.0,1.0,0.0,1.0,0,8
277.0,45.0,7.75,0.0,1.0,1.0,0.0,0,8
840.0,29.64209269662921,29.7,0.0,0.0,0.0,1.0,1,8
644.0,29.64209269662921,56.4958,0.0,1.0,0.0,1.0,1,9
482.0,29.64209269662921,0.0,0.0,0.0,0.0,1.0,0,8
777.0,29.64209269662921,7.75,0.0,1.0,0.0,1.0,0,8
35.0,28.0,82.1708,1.0,0.0,0.0,1.0,0,9
532.0,29.64209269662921,7.2292,0.0,1.0,0.0,1.0,0,9
583.0,54.0,26.0,0.0,0.0,0.0,1.0,0,9
31.0,40.0,27.7208,0.0,0.0,0.0,1.0,0,9
20.0,29.64209269662921,7.225,0.0,1.0,1.0,0.0,1,9
739.0,29.64209269662921,7.8958,0.0,1.0,0.0,1.0,0,9
466.0,38.0,7.05,0.0,1.0,0.0,1.0,0,9
464.0,48.0,13.0,0.0,0.0,0.0,1.0,0,9
8.0,2.0,21.075,4.0,1.0,0.0,1.0,0,9
794.0,29.64209269662921,30.6958,0.0,0.0,0.0,1.0,0,9
414.0,29.64209269662921,0.0,0.0,0.0,0.0,1.0,0,9
379.0,20.0,4.0125,0.0,1.0,0.0,1.0,0,9
24.0,28.0,35.5,0.0,0.0,0.0,1.0,1,9
655.0,18.0,6.75,0.0,1.0,1.0,0.0,0,9
817.0,23.0,7.925,0.0,1.0,1.0,0.0,0,9
166.0,9.0,20.525,2.0,1.0,0.0,1.0,1,9
792.0,16.0,26.0,0.0,0.0,0.0,1.0,0,9
15.0,14.0,7.8542,0.0,1.0,1.0,0.0,0,9
315.0,43.0,26.25,2.0,0.0,0.0,1.0,0,9
530.0,23.0,11.5,3.0,0.0,0.0,1.0,0,9
875.0,28.0,24.0,1.0,0.0,1.0,0.0,1,9
507.0,33.0,26.0,2.0,0.0,1.0,0.0,1,9
9.0,27.0,11.1333,2.0,1.0,1.0,0.0,1,9
852.0,74.0,7.775,0.0,1.0,0.0,1.0,0,9
287.0,30.0,9.5,0.0,1.0,0.0,1.0,1,9
439.0,64.0,263.0,5.0,0.0,0.0,1.0,0,9
557.0,48.0,39.6,1.0,0.0,1.0,0.0,1,9
26.0,38.0,31.3875,6.0,1.0,1.0,0.0,1,9
697.0,44.0,8.05,0.0,1.0,0.0,1.0,0,9
619.0,4.0,39.0,3.0,0.0,1.0,0.0,1,9
99.0,34.0,23.0,1.0,0.0,1.0,0.0,1,9
344.0,25.0,13.0,0.0,0.0,0.0,1.0,0,9
67.0,29.0,10.5,0.0,0.0,1.0,0.0,1,9
249.0,37.0,52.5542,2.0,0.0,0.0,1.0,1,9
810.0,33.0,53.1,1.0,0.0,1.0,0.0,1,9
264.0,40.0,0.0,0.0,0.0,0.0,1.0,0,9
81.0,22.0,9.0,0.0,1.0,0.0,1.0,0,9
157.0,16.0,7.7333,0.0,1.0,1.0,0.0,1,9
495.0,21.0,8.05,0.0,1.0,0.0,1.0,0,9
82.0,29.0,9.5,0.0,1.0,0.0,1.0,1,9
849.0,28.0,33.0,1.0,0.0,0.0,1.0,0,9
559.0,39.0,79.65,2.0,0.0,1.0,0.0,1,9
602.0,29.64209269662921,7.8958,0.0,1.0,0.0,1.0,0,9
674.0,31.0,13.0,0.0,0.0,0.0,1.0,1,9
492.0,21.0,7.25,0.0,1.0,0.0,1.0,0,9
446.0,4.0,81.8583,2.0,0.0,0.0,1.0,1,9
118.0,29.0,21.0,1.0,0.0,0.0,1.0,0,9
578.0,39.0,55.9,1.0,0.0,1.0,0.0,1,9
351.0,23.0,9.225,0.0,1.0,0.0,1.0,0,9
389.0,29.64209269662921,7.7292,0.0,1.0,0.0,1.0,0,9
820.0,10.0,27.9,5.0,1.0,0.0,1.0,0,9
196.0,58.0,146.5208,0.0,0.0,1.0,0.0,1,9
91.0,29.0,8.05,0.0,1.0,0.0,1.0,0,9
98.0,23.0,63.3583,1.0,0.0,0.0,1.0,1,9
322.0,27.0,7.8958,0.0,1.0,0.0,1.0,0,9
643.0,2.0,27.9,5.0,1.0,1.0,0.0,0,9
165.0,1.0,39.6875,5.0,1.0,0.0,1.0,0,9
324.0,22.0,29.0,2.0,0.0,1.0,0.0,1,9
279.0,7.0,29.125,5.0,1.0,0.0,1.0,0,9
822.0,27.0,8.6625,0.0,1.0,0.0,1.0,1,9
841.0,20.0,7.925,0.0,1.0,0.0,1.0,0,9
781.0,13.0,7.2292,0.0,1.0,1.0,0.0,1,9
845.0,17.0,8.6625,0.0,1.0,0.0,1.0,0,9
123.0,32.5,30.0708,1.0,0.0,0.0,1.0,0,9
785.0,25.0,7.05,0.0,1.0,0.0,1.0,0,9
567.0,19.0,7.8958,0.0,1.0,0.0,1.0,0,9
660.0,58.0,113.275,2.0,0.0,0.0,1.0,0,9
76.0,25.0,7.65,0.0,1.0,0.0,1.0,0,9
273.0,41.0,19.5,1.0,0.0,1.0,0.0,1,9
662.0,40.0,7.225,0.0,1.0,0.0,1.0,0,9
187.0,29.64209269662921,15.5,1.0,1.0,1.0,0.0,1,9
142.0,22.0,7.75,0.0,1.0,1.0,0.0,1,9
488.0,58.0,29.7,0.0,0.0,0.0,1.0,0,9
654.0,29.64209269662921,7.8292,0.0,1.0,1.0,0.0,1,9
831.0,15.0,14.4542,1.0,1.0,1.0,0.0,1,9
411.0,29.64209269662921,7.8958,0.0,1.0,0.0,1.0,0,9
525.0,29.64209269662921,7.2292,0.0,1.0,0.0,1.0,0,9
765.0,16.0,7.775,0.0,1.0,0.0,1.0,0,9
454.0,49.0,89.1042,1.0,0.0,0.0,1.0,1,9
755.0,48.0,65.0,3.0,0.0,1.0,0.0,1,9
666.0,32.0,73.5,2.0,0.0,0.0,1.0,0,9
885.0,25.0,7.05,0.0,1.0,0.0,1.0,0,9
799.0,30.0,7.2292,0.0,1.0,0.0,1.0,0,9
510.0,26.0,56.4958,0.0,1.0,0.0,1.0,1,9
174.0,21.0,7.925,0.0,1.0,0.0,1.0,0,9
121.0,21.0,73.5,2.0,0.0,0.0,1.0,0,9
640.0,29.64209269662921,16.1,1.0,1.0,0.0,1.0,0,9
